candidate_id,prediction
da5bf205-569b-4efa-8eb4-0bf012bef263,1.0
b3881fe3-8adb-4503-ba51-b5ebd87a26d9,1.0
d1a51266-d987-4f78-8c6d-78e6caf330a9,1.0
12dbf048-965e-4bbe-bf33-3d44186755da,1.0
277da5f5-7d50-492c-a5d7-4f0439973ff4,1.0
b37cfbe5-c336-46eb-b7b8-f11be0ff3c8f,1.0
5ab1ba45-f104-4681-8365-c57a01faed88,0.0
455c2b76-5b02-4515-a01a-6448694ec94c,1.0
f93d1971-387c-4315-be99-ab020ae125c7,1.0
5fb1f0d9-1362-4beb-ace2-cacfb87f3af6,0.0
a4e3b2cd-5d7d-4e93-8dac-2b71d3d89be4,1.0
6647d8fe-6081-486d-acca-bc4fe85bec7b,1.0
54469469-81e1-4137-bd45-19ac2dd1f676,0.0
e97fc322-b9bc-4c31-af11-5c04e0ab621f,1.0
39a09ae8-8ad3-42a0-a645-055e957086a0,0.0
43fb4a37-41fe-485d-8777-5a8a6f232cee,0.0
95eaed8f-e167-48ca-9cff-1cd7d12c84c9,1.0
43ab94e4-65a9-49d8-92a8-8c297df04d1a,0.0
c2e716ef-2767-4ed1-afcf-be5be684d3ad,1.0
6f4e5368-81ff-472d-9ddc-aaf1518a3cb8,1.0
0b5da972-0386-4a0a-96ca-6836ef1fe6e0,1.0
b637e0cc-b1b6-4f6d-9584-9a56eefc0f7a,0.0
04990a2d-bbea-4954-8d27-6cda52730a3f,0.0
7086fb51-855c-43bb-9f43-bb49c3e93408,1.0
efaf1b43-1992-4c33-a19f-dccc94b786a9,0.0
59f2884c-e6ea-4f37-b6e2-d469612d7204,0.0
56c013ff-4e5d-41ae-ae57-cdf39096c800,1.0
6f87b681-288d-4554-bc4e-c2f6d177f7db,0.0
9936b86f-9e5d-4490-a68a-1757a284fac0,0.0
8d142d4e-fb9b-4bf0-aea4-3747ceabf760,0.0
570e6ee2-39ac-4999-8b28-b102c523734b,1.0
346a829d-f013-4498-880f-32916087208b,1.0
730f39da-8112-4fda-9e03-4d7b81b6206d,0.0
dc0bc47a-d04f-42a9-8c56-d68fd15891cf,1.0
cb020f0c-76cd-4451-884a-a32b78193948,1.0
0830c00a-9213-4526-a1fb-55961dc2bfb6,1.0
87e903e2-b503-4178-afe4-0fe90e774805,0.0
fe409c31-97d7-49b9-b662-32deb95037fb,0.0
cbfc77eb-b82a-4251-9297-4c2f78854d0a,1.0
8d3bca53-dc6a-4fd5-baa2-7a4ef235c682,1.0
c3ecda36-8628-4938-b5e4-160f1a1181ad,1.0
d274b69d-fb9b-4541-a2c5-a5f195a03112,1.0
f76c28ec-ae26-401e-8956-f9c141ca27be,0.0
2f11ae0d-cf8d-4334-a1b2-8b395e1974b6,0.0
2d88b383-2f16-4c38-a1de-a5cd06060377,1.0
649fd58b-711f-4d83-a701-4f17cf3080e3,1.0
e1277a20-5889-4303-bada-99c657749a95,1.0
984f3e9f-be01-4d8f-8dc2-8dd8be620b1a,0.0
1fd16095-9465-41e5-9385-a8b3f7955576,0.0
48e9db42-da62-4e48-8bc9-6539710189d2,1.0
90bdddba-dd03-4ba0-be8a-27599d056a69,1.0
9f05fa98-9508-4cab-be7c-6b9e4f1d58bd,0.0
6560be4e-7494-474c-a297-04a01f4cac22,0.0
401b54fc-f31b-45dc-9021-229737f71108,0.0
4e9d3ef3-d543-42fa-af21-73ce1279e09c,1.0
9b385e9b-f56d-4b90-8955-568918277320,1.0
d831aed1-c39d-4bd4-b472-5c674ba34a56,1.0
b386dc6a-309e-40c7-b0fd-08902cceeaa2,1.0
6cc04c03-db24-4288-81c6-87712a98d191,0.0
2ad3b4f2-d720-4ee8-b0c1-d333da791dbd,0.0
802234c7-f5b6-4927-9964-40e5065a5c04,0.0
b43dce88-5d72-452d-8f1d-fb2f0b5e77e3,1.0
fa1b69df-c268-4b58-9124-1c3dd685fbf6,0.0
7e7e0860-6b44-4c9e-a1a5-8d700da06eff,1.0
f19bb33f-9840-4d4a-843c-3b3beb0d1376,0.0
68f39f63-b369-484d-b0a0-98973e0b94ed,1.0
73a8e263-8062-4bfe-b030-275bba465a6d,1.0
5555a07d-7048-4e65-97d5-f41f9d9275a7,0.0
7c613af2-12ae-4f4d-8a79-200a1bd64da7,0.0
9c8f3fa0-025e-4fca-a76d-5f623bc678da,0.0
f233a930-fefa-4327-a188-75c080fb2ca1,1.0
ecb85381-e53e-4bd1-bf3f-4a35c40d8630,1.0
b94d007d-90ef-4f5b-9ff3-1d6fed17616d,0.0
9312a057-8d46-4110-8687-972012b9c971,1.0
e785374d-0f1f-4732-9cdc-95359207615f,1.0
be371869-1f59-43d0-9083-f7009d1282f4,0.0
9cca3783-c46c-4215-aa85-6aa1f4ae9a5e,0.0
b86fca4d-6259-4203-bf6a-10856adfa527,0.0
e00886cf-4bcb-4377-a8fb-98a2a421d85e,1.0
1566a4f8-9811-443f-a778-338f63e87783,0.0
6b4b5633-11dd-4b56-83ff-48470566eb00,0.0
5d22b2cf-aa8a-4e88-b03d-00f7eddb7b72,0.0
792cfbc9-6df8-40d9-a550-071b8a347f81,1.0
5318b261-4215-4aff-bcb3-842a9e14a1cb,1.0
fd5608dc-f98a-4d83-9734-3be0b687d864,0.0
e18bf1d2-ffd6-40b7-92a3-8892499cc24e,0.0
0a6d7e30-6e55-419a-bb18-a801ccd58621,0.0
d7be4f53-0539-4e37-ab7c-33ab66151d65,1.0
cd8eee41-8327-482a-afa2-6c87c4544406,1.0
a55be944-e2dd-4b6a-8f5f-5a4463a597b1,1.0
5335a3e1-ee2a-4da6-8f4b-c6c158aabc19,1.0
a892beb4-13df-4b27-a387-2611441c97ce,0.0
d6f183dd-e8d8-4065-8dea-344c3af690a4,0.0
0e5e456e-2425-42e7-a3ca-3dd94d209c0b,1.0
82be653d-b44d-4296-8e36-a36e61cdcf9c,1.0
d2cc91bb-d250-44c1-807a-fa455dc2a986,0.0
3add154c-a252-4422-a0ee-60667f4b92f4,0.0
20953201-a6f7-4101-89d0-795dfbe0de8c,1.0
a4544589-ec1d-4508-affb-9fd581cec6b2,1.0
bc7b399c-9ecf-4d9b-833e-5fb06d80e24a,0.0
d6936866-3d63-4390-b109-17dedf3b0802,1.0
280f973e-43a1-4607-afae-9e7079f81c19,1.0
4dc56a54-b3fb-4e6c-941c-e47fb57d7fc3,1.0
92facbb3-c903-4f82-b217-8f9dc9c403fd,0.0
4344df09-959f-4c94-8cd9-122f400c8e95,1.0
d6b6ad1a-ea22-4a43-bc19-dacd72a8e8a7,1.0
fb2ff2f9-42d1-442d-a931-232b9a89845d,0.0
d9107dd2-5153-4adf-a730-33c77c8253aa,1.0
39192350-48d0-4d78-8ea2-6ede479093a9,0.0
022725c4-7752-4e2a-9bad-f5cdf0bc5374,0.0
8ca4e4c5-e1f7-4c56-ace5-078ef745ddb9,0.0
3eaebaed-e15d-4142-81c6-470a0f272119,0.0
d0d4746c-2be8-46d7-9227-aa4d93a3ca3d,0.0
81885d96-8124-4c2f-b6dc-ee4a1eba7777,0.0
6f9eca6c-7b35-449e-8e1d-fade7b9ba11f,0.0
77dec90a-097c-4038-a400-f7252c0d30c6,1.0
93047c40-06b8-4feb-ba90-ebc292adf112,1.0
3bce55a9-6ff6-48be-8df3-fb3352963e44,0.0
38ea6d1b-e507-41eb-962d-686705b82e79,0.0
efdb7bdb-e096-4f29-95d8-6a53edf90476,1.0
8e9a365c-48aa-4bf0-8133-c0ac8ee05640,0.0
409c6089-eab1-4b78-a63e-f79147ad3c59,1.0
29e08400-4be8-42ab-b4f7-45450fb17f75,1.0
67d0c020-de16-48da-a17a-5c1ec1edb913,1.0
233f737b-45b0-46b3-aaad-1170ec0ac4af,0.0
4f94c3b1-5c50-4485-af4f-9da95e1c5dc9,1.0
34a7b459-2004-41a3-8281-c45b7a9bb5e5,1.0
6a87e323-0083-4e9a-93f2-e293d5b96243,1.0
088fb8eb-bdfd-41ea-9a29-ae50b97da915,1.0
4536ad7c-dde7-45a9-a209-add0cf61795b,1.0
378c1c5c-0e8c-40fb-ac74-70313c50adda,0.0
197deb45-7449-49fc-b3bc-7680ef1e27eb,0.0
870eff3a-b86c-49fd-b0d7-8968eac712e3,1.0
1fbb3268-ea45-4842-9386-03407636056b,1.0
0edac90f-1233-4065-b781-58d9917a0857,1.0
715afb7b-1f8d-4c33-b6f5-b116061ee26e,0.0
1abf5cb4-5107-4d26-9ca5-2c89f1011694,1.0
d0cdf5d7-6166-4a2f-b766-465b165efb24,1.0
fa8cd307-2282-4e85-8657-a6db724f8170,0.0
f7f0437f-1caf-4829-8d65-8e0775d0f6cb,0.0
170378e9-81ff-45f5-8f3d-d27d6c87ee49,1.0
912e9e11-8a5f-4897-931e-8736907b77e2,0.0
f8918f7e-0daa-473e-9b6c-8f7d4fbc0ef9,1.0
a3eac1e6-70f7-46e1-825b-3f566e2d33b3,1.0
4e7ce427-4b77-427f-85db-fe73db870b84,1.0
387977ea-178b-4bcb-8f2a-c686a111c796,1.0
e6fc2ea4-6cb2-4d52-a6e8-1ecd8f964171,1.0
7e25b1e7-d93b-45d3-b57d-720947b7cd96,1.0
9033e4e9-e73a-45c6-9a4a-c2b6b22542f0,0.0
3a10f6c5-faf4-4905-b690-fd463f73499a,0.0
279a03e2-68aa-4135-8e47-972f248728c0,1.0
5b713b7d-7e07-46db-a70e-682a41ba8a33,1.0
d79733fc-8335-44c1-99d0-1c465eb46586,1.0
d2f08848-8449-49f7-8a70-8dd012b97dec,0.0
08d96099-91e2-4f18-98c7-8dd01bc3c254,0.0
e569b9d4-9a08-49f3-9b03-f40a43c6dc02,1.0
5a1d74ce-5c61-4c7f-96d2-d15af7886f37,0.0
6b487d9e-ed2e-4ede-b167-a43ac56477a2,1.0
eac9651a-94aa-43b6-b776-db20edcf604a,0.0
4e10f209-fa6e-43b3-8f48-07e77d675625,1.0
aa647270-505e-484b-9201-c8c8a3a25d79,0.0
7fa10e47-157c-4018-bcf0-4b53d8df1981,1.0
1ef63135-670b-475b-89d5-6a93e6ae45a5,1.0
41846c07-64db-4e0c-af57-ec07ec968162,1.0
ad35db29-e0c1-4b52-a12e-27fe178d4fa2,1.0
3f7b09eb-3f5e-43d8-8801-57aff2bf3e3d,0.0
e49beeb3-a5b2-44d5-803c-83d5f70d8571,1.0
fbf4b311-d9f2-44d2-9193-80eb3bc486d0,1.0
97afb464-0e23-450c-a6a5-757595ce11c0,1.0
29bc2417-bb3e-4e80-9e97-f3ca5736480d,0.0
76c43728-ec17-4077-8940-68031082ece9,0.0
977035ef-d01f-4756-88bc-6fac2b84858b,0.0
9e1410a6-8a29-4519-b811-55810375026a,1.0
ead4b48c-c709-4702-a8bf-78ba5807c663,0.0
bbbe2ee4-c7d7-4bba-a179-c57ea9cbc4f7,0.0
fb30ccd3-2cff-4e2f-b2ff-c1fd08db5de9,1.0
61f4e168-d7c1-430a-a664-c9e15b6f16ff,0.0
ede090c3-176d-400d-ba82-fd72828561e2,0.0
3c6e9ae3-511e-4bfc-84bb-264738dd0fad,1.0
fbab9c0d-d8ec-4b38-95c7-2b7ddabd11d4,0.0
79997450-142a-4d10-a7ea-334742f966ca,1.0
f3062c92-899b-4d42-88c8-57e9b813479e,1.0
0eb3663b-44ac-477b-bc76-5a2205b80a76,0.0
cef64ffc-8d2c-46ad-8263-19d8553e1f3e,0.0
9e7f0e7e-ba0d-4b2d-94d7-3493b2a4c1ba,1.0
a7f3738c-fc36-4a91-a916-027d6048447e,0.0
0f15571f-7b7b-4e1f-b1e0-a633da579fd1,0.0
15d1ae0f-b930-4a34-9bcf-2bf72033a8e4,0.0
068ffeae-9d7e-4ccc-94c1-5fa48b93eb2d,1.0
521e42db-55ab-4ea4-aec2-b4ee365de655,1.0
f9bf1c0d-bd5b-40ba-b82a-324f5174d982,0.0
c99d429c-07ec-4ea6-818f-bb92c4df2170,0.0
dd71192b-00f6-4ac6-9871-d0ebe193837e,1.0
f2f22785-8363-465c-804c-c13c42a8ecfa,1.0
85e21514-2630-44fb-9cde-e1080cb48520,1.0
b8d56d13-8173-49fc-a44f-58207fbbf0ee,0.0
b2e78c5b-2207-4d85-bca5-8087a23af47f,0.0
8014263f-1a42-4184-aa35-03371bf1ae0e,0.0
afffe0c3-aa06-43f4-97f1-273f05e73733,1.0
1d765dd8-1ca1-4c51-9408-75a650f5d973,1.0
2a6499a6-6574-488d-b452-b1ab76206c06,0.0
39716333-68d6-4d8e-9a18-2ae5ccd64d2d,0.0
b01a45b5-24bd-4ae7-94b1-1772fb4d16c5,0.0
92aaabd1-1ba9-46d7-9cb2-0b71fbe1248d,1.0
80cc3ad6-bf3c-44f0-a6c5-6649a744c03e,1.0
1271d774-9aee-4616-afd0-aad0b6fd2b1f,0.0
40aacfdc-98f4-409d-aa96-836ed93bbdcb,1.0
1ecfc6b4-7539-41be-a6ab-3b3196931d91,0.0
a8a9de97-31bf-44e8-a632-96c7d7d1edd6,0.0
11d7a8e5-25ef-492e-be43-ec34f80d155d,0.0
2a255bce-b87f-46bd-b960-b1f9a74e76fb,1.0
ee78128f-c61b-4dd4-8835-3d1623526c0a,1.0
3631bb88-3ca7-42e5-9f1d-0f06c44cd9a0,1.0
86372875-98a8-4719-8f4c-ab9fe6fd0c9f,1.0
4b29f0ff-dd4c-40b8-884a-e2b4f9931c29,0.0
9e4c3cf3-16f9-49f4-8710-caa05be8bcb8,0.0
d5b62605-79b1-43b7-8f6a-b49250415c4d,0.0
b908095a-faff-476f-af04-32cd92d000f4,1.0
91559038-5e40-4c82-adfd-3ef2d14907b6,0.0
50415345-8a85-4bdd-bce3-88c95b35edb1,1.0
17a988c0-05a8-4f6a-bdd8-eea90a6871e3,0.0
0085e160-bef7-4584-ab88-58de4f7769ed,0.0
2c3dec56-e473-4e11-aead-6283fc117572,0.0
c7945dd2-b0c5-4e3f-affa-b466e33bb8e2,0.0
55aedc4d-f7cc-4e7f-b1cc-f55f81d26724,0.0
6af330ca-b0ad-4ecf-8605-2c9fbaec1d04,0.0
ce16ee4d-3cea-4be3-b36c-4095629257d0,0.0
6cfdf425-182b-4fa6-9c95-5318c3d5be38,0.0
08c1e9c2-84d1-4572-90a6-e763d7e9d338,0.0
3ff97dbe-74d1-4a9f-914c-992ce9da884e,1.0
7a7f323a-3672-4253-9e9c-50950009d0f0,1.0
b624e334-bccd-4b91-a9fd-8258c57717bd,0.0
182d40b5-712d-4fa8-93f1-e4b1380d6cda,1.0
0cad635e-2782-4c3d-a25f-f9c2c4c46b43,0.0
8fba2310-98ea-4142-9816-60143913e79d,0.0
f1ffb130-468a-4c43-b03a-807826dd3de0,1.0
974d5248-672c-4456-a47b-aa2a45b1e767,0.0
87e8c8bd-c659-4edc-b2e0-0db7a6eb5f23,0.0
832376d4-3482-45dd-837a-0a82e25762d0,1.0
6089b139-d2bc-4e85-bd7c-92a902d9e19e,0.0
aeb7d2be-cc13-4335-9303-df77b6dde606,0.0
a93cb3bb-98b4-4750-813e-f843218c816f,0.0
4bd956b8-3de6-4ce3-8f4f-4ddd4594b709,0.0
46fd76f5-b309-4e4e-a04e-55c82c13823a,1.0
b6cfd58e-bb42-44c1-b989-28aecb5d4044,1.0
d9f2ee5c-898e-433f-9514-f3c3b7f502e3,0.0
774fbffa-1da4-4949-96ee-175a03cdadd8,1.0
e5bfede7-ad0d-4e94-93ff-3b8ba007667b,0.0
ee5de580-4927-44b9-b311-c6be75cd87fd,0.0
c8d7751a-b1fa-4b09-a276-3ce7a539a403,0.0
d4d4f6af-e16b-4ac7-8597-bc7d480f2b39,0.0
9b1e03b7-a5b1-4674-a4f6-7d08559df7e7,0.0
e40a3161-b3fd-4076-b118-24487c291462,1.0
0b98f39f-1b87-4f19-a28c-fd44eb8900cb,0.0
0b0ba9eb-c3d5-42df-b107-6c58782cdf32,0.0
c28a0317-c7ba-4986-9767-9809c40f5dc1,0.0
b620ec3b-826c-469c-8608-02d1526a7716,1.0
fec1d8c9-4444-495d-881b-2585592c5acc,1.0
94536a6c-3546-4199-bc18-f79739466e00,1.0
47cbf6ae-880e-44e5-bff6-548519459619,0.0
a17dccf6-3d4d-432c-9268-c1e64bfcd58e,0.0
c5ae51d3-6764-4000-a31b-32d519eb0aae,1.0
c6a77d3b-35d2-414b-9992-ad12f1d1341b,0.0
2a9ce96f-ef6d-4518-aada-9d758440c149,1.0
31e17265-6091-4337-81dd-a18f1922b457,0.0
6924d7c3-650a-4985-8d1b-4e3d44677f3b,0.0
8a9f490f-da9c-4311-8b0b-eaf2550aba09,1.0
038cccfb-e728-4901-925f-25b16a68ed47,0.0
553dc064-3efb-48bf-b1f8-bd370a0bb70e,0.0
6cc76ba6-7e90-4aa8-be9c-671aeb54db3d,0.0
ea90f071-86ff-411c-8130-b653d71cbc96,1.0
cd6c5d61-c80b-4069-a721-22b42a38de8b,0.0
75965a75-2541-4fb2-acd6-7d5e1e514668,1.0
8352877e-1913-4be6-a5d2-067845f2ec5a,1.0
0b873b33-dcac-44ae-99b3-6f6f371b3c55,0.0
f2322230-6183-4c65-9751-8dbc79b78b5d,0.0
d6b3240d-475f-4f57-8e7a-43e1f3ad884c,0.0
fcaa2ade-3b29-4d0d-b26e-af25465d0add,0.0
0ea8684e-647d-4677-a707-d089722ca6a4,1.0
162e157e-c59b-4389-a494-4dba8ba73706,0.0
a7724308-a684-4e6a-b543-11fff3f4ad4e,0.0
bab22a6c-86c2-4022-87e1-41500bf627ac,0.0
f3688564-20c8-4bf0-982c-2ebe7a8d8a86,0.0
1e2ad506-f0e3-4104-8997-ad217c32b508,1.0
8541f5ad-f33e-41a7-9e64-7fa714571f17,1.0
cdd03447-3300-426e-832b-dc507a193b39,1.0
729ef4b5-b902-43a2-9b24-f1c0cec83a80,0.0
70272c94-de5c-4f01-8fd1-b7608dedd294,0.0
30be5bd1-79eb-41e0-b97a-b536924c8a7e,0.0
31dbcb59-20aa-452a-b1aa-b87dcc6a3fa6,1.0
b73ca395-0225-4231-bdb7-7b07f8c409d5,0.0
986b0a24-d40e-4767-b50d-94d3f61fba1b,1.0
b5691f7d-1efd-4cf5-afcd-c4e6383979b3,0.0
8686d798-ba2d-4387-b557-31de829d0c71,0.0
7f0b5857-5ce9-4d55-891c-0870ab18a4a2,0.0
4a2dd1d1-6f73-4dd5-b9a6-06aa9c34300c,0.0
46caa0e0-b8c0-4709-958b-f4daab87a9b6,0.0
4cc2a05d-f49c-44e0-9ca5-e45498baa1ba,1.0
92b7bebb-d681-4e7d-b5d5-ff692b01efb6,1.0
690ff45d-763a-4a02-b474-1285cc56fb8d,1.0
e25126e3-0b53-4b1b-ad9e-ee062b8c4493,1.0
6ef00ffb-937e-4f44-a03b-e2ad264fe35c,1.0
cf958eb3-8ab3-4e77-b06b-13e8ddc80ee8,0.0
3efd525c-d9bd-4964-9654-84e491568135,0.0
8febaf9f-fa46-4d3a-8d31-eb512ad91c5d,0.0
0e0b4d58-79ce-40b0-b365-39b2f1c57da7,1.0
e1db75d6-efbb-4985-844d-57f6d72c49c7,1.0
c30d146f-57d7-4895-add9-e6a3477be36d,1.0
b9d25d3b-beaa-479c-814e-bee8dcc35335,1.0
027e2187-645a-4a08-94e7-0cf1a2f7ac89,0.0
2cc8a079-8d4c-4ee5-85f6-b2a2428b2a91,1.0
67de9a37-054b-4038-8559-baef2b5b8322,1.0
a61ed90b-df12-4b58-9c54-013383e76244,1.0
a8ec06f4-fa53-4dce-ac1b-3f468845234d,1.0
a61398f0-6eed-49d7-a1c8-019b3c7e2873,1.0
36dbcaa1-ab47-4bac-9411-c11396e97d91,0.0
f6f8350a-91d1-4488-90b9-892052051f46,0.0
5f9a623f-aeff-40bd-aaf0-bd3988dc4740,0.0
206db821-3c6c-4634-bb3b-9e521e1ce9f3,1.0
6daa7082-dfa7-472c-9456-b3acc8fb45f5,1.0
0da9926c-109f-4e6d-bcea-ebd27dcb0388,0.0
29fee781-febc-454a-8777-1619a33796ff,1.0
26d808c9-55d6-4be6-8842-ccbfb4726521,0.0
e0097295-6ed3-44dc-af25-cdd292f73052,1.0
d9e9268c-6578-41b7-a06a-0601a7766921,0.0
6dd91eef-8c84-46e0-b358-fe93c0d1ab7d,0.0
ee995389-d870-4dec-90ef-c3a43662b6ba,1.0
861f051a-a46d-4e30-ae78-8a04c515e75d,0.0
72032329-fb8a-450f-ad1d-9a81db50b066,1.0
e358b758-3832-4035-b08a-7221cd833b87,0.0
6c884c79-08fa-47fa-ad02-c376c90e786b,0.0
19031af1-dc38-4cac-8285-d53b42043489,1.0
e0e113d7-603c-4d8a-b717-e352372ce0a3,1.0
8e7adbb3-944f-480f-951d-e8f963d212be,0.0
186eb270-18d4-4674-ab24-04528a517c02,0.0
8524dcca-e7d1-407f-936b-a1fb2476cb3d,0.0
f0eb6906-1aa5-419f-acae-2d13708ec269,1.0
db2ad319-bd63-4d35-a348-b84b0825525d,1.0
2ea9e340-7fd0-4d84-ace1-64feb9dc1b26,1.0
83d67346-0de9-43c7-84f1-21ae31a9dcd1,0.0
346db599-9acd-49b9-81ec-8d0835d7b97c,0.0
892d4f42-5dd9-4907-9c06-57dcfefb0e95,1.0
0107b0f5-b750-4596-8973-0aed18218e2a,0.0
9414935c-a1d6-4aa7-af89-d82b83eb4974,1.0
efea4d04-984d-496a-877e-b42d2a6c3b10,1.0
48076e0b-7fbc-4365-8ff0-1ab687584b54,0.0
39a810ee-b92b-45eb-82cf-d7f2bc723dd8,1.0
82c4eb6b-7925-4c9c-9dd5-dc8b3e4c8dfd,1.0
a4847067-a549-4237-aae3-23c70c9d1ab6,0.0
349057ed-2086-4ed4-aa51-5e490dd0dd3f,1.0
4baab0c9-92ea-448c-99c9-7828cabddf61,0.0
f5eb3dab-68b6-4fba-b79c-9a4183acb15f,1.0
6ffbbdfa-160e-4bc9-9555-3da8280079e4,1.0
b97580c1-6587-47eb-9d00-74e4def14859,0.0
852a5c8f-91da-4195-aa32-1d3024d03cc3,0.0
70e9b227-2bde-429d-8aac-402e3d689ab1,1.0
0b1f2510-1153-47e5-bb22-527e7358fc9e,1.0
1c62995a-97a8-4fcd-99de-a79f72e945ca,1.0
57c1d2d7-2af0-4e29-8aec-e72770b24383,0.0
a675d9d5-7a02-437f-8e72-fd5f6fa7347e,0.0
82abaa82-356d-4f79-a779-52c8d5020111,1.0
19c161b1-928b-462b-ba8c-e2582bc0c153,1.0
4ecbd03b-75e5-4901-b9b5-1ce22b82b029,1.0
a1891562-484b-4d93-832c-1c2dd5577574,1.0
674c1ba4-7f09-4bd2-9722-725289023221,0.0
b7710788-525c-49e0-bd37-7098b4a54b5c,1.0
ef74c807-c7fa-49e8-b3ec-6ea761b995a8,0.0
ee41500c-16ad-4f5b-9970-37591fa830ba,1.0
75c24568-c555-43c9-87c0-d45afe51422a,0.0
5f5c86f4-b945-40db-b65f-1e66f2c7efe7,0.0
1cd70c1e-a944-46d2-ab05-aa832407f582,0.0
9f5092a5-d5b7-4b78-a777-05a94525f82b,0.0
706b6c4c-e9db-40be-9845-abcb9d51c270,0.0
db7cccbf-6fae-4b07-a5d7-760e9c4358ce,1.0
c0953a53-45d8-4aa4-8b0a-f4a4ad765b1c,0.0
506389d0-1330-4b0f-abf4-afd24d731340,1.0
d021458a-5d79-4e04-88c6-11278b089d2e,0.0
3d31e232-07c8-4df8-946a-e82230c4d4a5,1.0
e5e131c3-0c81-48dc-8fca-a810514ace6b,0.0
774c158b-ba6c-4729-8c47-bba0156f8f34,0.0
a0257897-c41b-4006-bc14-7012a0a20b3a,1.0
33881016-8ad0-4c2b-b130-3df9376308c3,1.0
9662ee1f-5588-4870-a9c2-f641badca772,1.0
4d18b627-1770-49e6-8fb3-3f2283ee4b1b,0.0
ac4b8c97-cfe0-458d-a123-b28ec1df8bc0,1.0
e672b240-0c4c-4078-aa27-e9a352738205,0.0
b928d08c-da2a-4218-b3b4-5adbc045f05a,0.0
88bc14de-b3dd-4921-85f1-8f984969b4dc,0.0
07e39cbb-6afd-4c51-ba0e-fd739aae1910,0.0
19e31c22-53bd-4f96-8eb7-30b5983623e7,1.0
923d664e-c9bf-4616-ae76-d1cc5105e6e1,1.0
b5761728-fec7-4ca9-93de-854fffd58924,0.0
19894706-d653-4630-86a4-bb5968de31a7,0.0
7c71aca3-ca40-46d4-bdd9-789b214771a7,0.0
422d3072-94fe-4039-b87b-e6442e286666,0.0
7559b5fe-6009-4c73-aed3-ac37ff875fca,1.0
f5049211-72ba-4dc3-939a-aae98067d408,0.0
754b150b-2a38-4354-80fa-52638f80e00b,1.0
f7d57d97-34f3-475c-bd86-51a0c85cb85e,1.0
8243de84-ba85-4e44-b844-04d63d1c9c72,1.0
63b287f3-ad38-4c7d-9b57-5b24d0263a52,0.0
8c3558a7-cd6c-4978-96cf-c36e29b7a54b,1.0
fc6091b2-db39-4ac0-8c51-0bde18823d32,0.0
d1c70d39-e097-4c25-9928-c869248eab50,0.0
b4bda193-641f-4879-8a66-df75c37e8a6b,1.0
48494091-9950-4639-89a9-9d62010e8686,1.0
d8dab5ca-c151-483c-b3c5-73712f8df3ff,0.0
e89ea19d-b88d-4300-b679-c595479212c6,1.0
4cfc8821-ab2f-4fea-a8fe-f24573a3e32a,1.0
b6a12178-d9f8-4f0a-bb6f-167272dc7338,0.0
c7be701a-3d1f-430e-a24c-9c2967335c4d,1.0
4f57fbb2-70fd-485d-a18f-9aa81b443d15,0.0
f3685c42-6a9b-4b4e-9f61-62e829943046,0.0
2edc403f-75da-4390-92d4-f838d1af313c,0.0
70a0d7aa-dcb6-4be3-be4e-0bc4aa64753d,1.0
11325194-ea16-4655-8c31-2a1141c3262d,1.0
08b34cc9-56d5-42cb-a6e0-898f5bbc4be9,1.0
6ba3b682-35fc-48aa-89e7-daab5885af31,0.0
bfd372f5-177d-40ec-9ee7-b7b395a69037,0.0
2826e20c-89b4-48a0-a5e8-05e0c17b96d7,0.0
64995367-f406-4303-8915-1e4beb89b722,1.0
fea55156-4f1c-4df8-9083-9e955a9e0778,1.0
65d4fd26-1a34-4642-ba70-0efd5cae2403,0.0
52dc32f2-a1b9-4590-90dd-639c8136a38b,1.0
43811367-77ec-4a6f-9db8-7526a44c4d1c,1.0
51ba3a9f-2b46-4d5e-bcac-b78e523b699d,0.0
67e2c1b9-d1af-4384-a7b6-ea9a87bce5a7,0.0
44dfe09d-12de-4a5e-8f85-7e9119764d66,1.0
9395e8b4-ebef-4827-b4d7-c18a1fd34a21,0.0
b61bb70c-52be-4152-b839-a5f94aee4042,0.0
c48845e8-0cad-4601-8314-f58dc5435958,1.0
b28aa5fd-7d61-43e4-8b1c-1dfebc11d2f6,0.0
186189d9-759a-470e-ac0d-3fd866253179,0.0
640cb325-916f-4c88-8fb6-5b5b75228df7,1.0
46e00283-9114-4cae-bcda-b834a411bb96,1.0
da634cfb-1802-4a32-8592-bc255f57c1ee,0.0
c02c9b8c-e72e-4c93-90de-b0522fefc8f7,0.0
a4e9e675-283b-45f5-89c2-1097c5ebd9fa,0.0
3f7a15a5-f28e-440c-b060-ab6b6ed8ac89,0.0
7f35e75d-492c-405b-b3d3-dc49aee925e9,0.0
7e5b13e8-1ce8-4e1f-b719-badf252f232f,0.0
45fb1866-7581-40bd-9c07-7da11faecc54,0.0
58c1c802-2eb6-4a94-b6cd-bf3eb2fa83cc,1.0
8ea05e55-d6d8-49e7-8c1b-7cc94ae5080a,0.0
3df83297-ee89-4d2e-b077-fb3d1b46093c,0.0
ef806468-39a2-495b-872d-1376a6ffd84e,0.0
f6af4d5e-fb28-4560-98ce-be2d4cf770cd,1.0
358278eb-3459-4b2a-a687-61e9789a1bef,1.0
4931f77c-3c4d-4149-bfb6-132d5beaa3b7,1.0
01038b80-534f-4e52-8b92-23ffea30cae9,1.0
f6568fbd-4ffd-47aa-94ba-e99ae1271471,1.0
711c725f-726d-460e-b5dd-6442f617a1d1,1.0
493527f9-70ea-4510-89ad-45feb827e0e0,0.0
306166de-52e0-4311-a989-dda08505e379,0.0
ef092e97-9f25-4f2a-93e8-0aca05658bff,1.0
2ac16fb8-8c6e-4940-ab0d-6a606080cea6,0.0
2b9a3bde-d2ce-42f3-a6a6-60542a74cdad,1.0
5730576a-fb92-447e-91eb-6423504cac48,1.0
22820220-55cd-41f1-98c3-547a38ffea70,1.0
07b6d402-4655-4501-b15b-209fbf63e7bc,1.0
b0f030fd-b74c-4d5c-9dbb-ff141b4622ed,1.0
6e97e8a4-4ed5-4810-92a5-2358b629f290,0.0
f0a2d544-6e6d-4f99-b275-1fe5b15fea29,0.0
5ffcae90-715e-4919-91d4-d6b3fa91b8c1,1.0
43ca61db-5078-423b-96d1-8d5dc8f964e8,1.0
723f9ba1-0719-4704-a719-cbce632f3ac3,0.0
dda3b6e2-ca33-4ee1-9c2b-2cd958ac2dea,1.0
46856cf7-81ed-443c-ae2d-b3f2a2542e3e,0.0
1dc12ddb-c0de-4a4f-b51e-76980cbf6f3b,1.0
5e68cbbc-5ac5-40d8-8b13-806024f6807f,0.0
f48f8afc-fa33-42be-ba79-37510bb80287,1.0
b4b0848c-ea2f-497b-8091-e9caa4d962e2,0.0
f916d177-6c3c-4adf-9aa6-35140fa32d20,0.0
614f844f-424e-410c-9e40-25413cf8a059,1.0
871a3b2c-9e0a-44d1-86fd-c7b4b165ae38,1.0
78d4a7fc-acae-435b-9671-722e1bb94fb1,1.0
2471ce14-2d83-41c5-8174-7f765ca7c3ba,0.0
d2b14fab-f625-4459-802d-c7e339d8a958,1.0
790e4d01-a276-4ced-ab27-100421d14c23,1.0
ca3ea216-6de5-41a7-9879-e50e28091ed0,0.0
e3f8d099-a9c4-468c-833a-00d267a29c3b,0.0
f695b053-ed66-40d1-b7d3-d6e644932520,0.0
d95533e3-ebf6-4bb3-8045-8f05327245ab,0.0
43d0e7eb-a283-49da-a584-7cfaf4413bdb,0.0
d0208e43-b8f3-4478-af0b-73914e5ba89a,0.0
0ceadd6a-3c94-498e-a831-049ae498260c,1.0
83e1e257-7a00-4bd7-ba1a-00747b0465d6,0.0
3597f8f9-a679-4412-a3c0-d18c2dc71235,0.0
fd8f913d-f9ae-4c6d-a522-5cbd1752848b,1.0
d7f13534-ac87-493d-b832-2773c60f2b00,0.0
ac9be5ce-443e-47d7-b2bf-d4b4a7bc672b,0.0
705a1aa3-7c76-4570-9230-8b7e65a07535,0.0
2e1ab9e0-44cf-4435-b0ab-f0371c7aae46,1.0
a5a26f7a-6e61-4317-bc95-d3b119b0b11e,0.0
a7f23e90-8559-4193-a9a4-c6e631969a07,1.0
0ac56996-c2f5-42cc-b2ab-c62f218f63b0,0.0
f7fa3c11-bdff-44f4-81e4-f41a5b7cbf37,1.0
0b815181-a145-4cf2-a1a7-9756df5b13bc,1.0
fac0a0d7-bdce-4a7c-8bd7-122225158302,1.0
4ab86f13-a214-435d-b26f-e6c2165a8dbe,1.0
f8674fbf-ad4c-470c-85fe-255f6a55ecb8,0.0
c36075c7-2cf1-4bf5-802d-dd522de2666c,1.0
86f10857-7fe1-4d6b-9630-e48d7ccfdb93,1.0
b2121f29-62a1-4189-b9db-644291c3ebf6,0.0
cdf4bc8a-e0e7-47bd-a897-9c6b17d65855,0.0
30ac7276-a26b-430c-b766-4872c182f85e,0.0
8ba5f26b-1b85-449d-8aa2-7fc211cd2da4,1.0
8a633d88-66a7-4c56-93da-f2b8daae95c3,0.0
b41a8318-0a59-4da5-81cf-e86e7e4603f7,1.0
1f83f955-d72a-48c8-b717-b850d656688a,0.0
a9a03b2e-8fb4-423a-8262-0a40686a7f1f,1.0
622f6828-95ee-44b6-a4d8-3d87839eac66,1.0
a749a974-3a5a-4574-953c-86a1daf7b5ec,1.0
1e789161-a79e-4a4c-a386-941f7012380c,0.0
8ec51829-5f9a-45c6-9c97-37e172e78771,1.0
714e6f8d-4452-45a9-9db5-07913aaf21cf,0.0
e80b743c-9f95-4fb5-8cb6-6f470ac85b60,1.0
97c7ad30-b722-44ad-b5ba-a0caf000fc58,1.0
0e146d85-5f86-4eb1-a5b9-b7c1a960676c,1.0
e05c2139-0424-4d6d-8c7c-4c570eb79601,0.0
1d405741-eed1-4a22-ae93-e22f67085e70,0.0
a3890aaf-c147-495f-b2e7-90bf85762273,0.0
6da7d253-c5be-4877-b1fb-641267b10443,0.0
dd241181-5ccf-41b6-a119-b392c31bf54a,1.0
7e2b5fda-c5b9-4168-a0ad-104e52b936f4,1.0
0b209801-da89-4408-9480-17a7145ea796,1.0
cd9d8d20-d3ad-47fa-8fba-19899a5094aa,1.0
a8283780-8d79-4d1d-9811-bc907895b22c,0.0
9b1554b7-021e-40af-97cf-db79a1cd233a,0.0
ffaaabbd-4fb7-4666-bcae-759df6915866,0.0
ef229442-8b83-48b4-9663-e83d0382ee0b,1.0
8371ccbf-3697-4132-af6c-721b890de9cf,1.0
0d4471e9-b3bc-4909-a9d5-0f070a942c3c,0.0
44907dad-d0cf-4617-9453-4db0ee7224d0,0.0
947baecf-58ea-42f9-a92f-05d01292b674,1.0
a2e9a2d9-a849-425e-ad0f-92c238d512dd,0.0
2094ae32-563b-4dad-a90c-4206b418ce16,1.0
9431c2a6-25cf-499b-a950-cb8fc1e066ed,1.0
b68e7efd-cb03-4233-83fe-9c9ddf16837a,0.0
59fc48a8-76ff-41fc-b85d-b9e252e08f55,0.0
24382ed7-89e8-4061-8339-770d91382e39,1.0
d722a5d4-43c2-4644-827f-550030e8a0e8,0.0
49086ead-dbec-4cea-8265-999fb2436daf,1.0
ce377246-b041-4e8e-a2ea-7d1d1e898a79,1.0
0c9f1b95-b56c-41e2-9cd1-5aca1250cce1,1.0
5d23f296-3a1c-4b97-a7d9-9529617158ca,1.0
b86ca55e-539e-4399-ab50-e317751dfb66,0.0
aa848e45-ca93-4bd7-8fcd-8bef1b17db01,0.0
350d6539-f9ac-47ac-b83b-74e4fd6765d0,0.0
23b43dce-b0d5-4b2a-be05-56048985373f,0.0
9e78266b-70d2-421a-b7dc-97f093764aa7,0.0
a5a1207b-1ca4-4f56-adbc-f3add54d63ea,0.0
2fafb624-7b99-434f-80c2-5528eefd7aae,1.0
9dc19aac-d7ff-4d27-a8a1-a9d45cab3981,1.0
e3732ffc-1174-41fb-9ba6-ea704a355e34,1.0
a7bc3b5f-f1d4-4f69-b63d-b2129ac32dc1,1.0
87d2f7bc-24c2-41f3-a5b7-acf77e14130e,1.0
74a99419-04f7-4a1a-b0cc-121e4cd84f8f,1.0
36134cd2-46df-445a-91e5-14727e0433e5,1.0
c4986d71-ba78-42a6-ae90-902ef8b28aaf,0.0
e404c1e0-8b3f-4640-9b9b-5b40f6c731df,1.0
1749a722-68b2-447b-ae12-2e5ebaec7fac,0.0
cb4fa868-d0e9-4471-a752-65c295c509e3,1.0
b6a2211d-0e5c-4952-87f4-f243b394c5a5,1.0
f9a6796d-08b3-423b-a6d5-aac431310338,1.0
83cb862b-5a25-4658-ab59-064150a9fd83,1.0
5bda76d1-f04d-4e8b-b6d8-2801fb2e38ec,0.0
7cd9ed64-acbe-4188-8499-6b3e00f1a6fd,1.0
b18ce491-ef80-4b12-963c-4568c86ead3b,0.0
c94c8f04-c785-4c4f-9d7e-4e86f2d49e54,0.0
cf68612b-9e2a-449b-9d82-35479cd618ad,1.0
46353b76-d611-4470-a385-e46f8002b69e,0.0
16cc7f40-5a5f-4d51-944c-779c85cf5080,1.0
038137dd-18d5-484c-9c32-53943957dc5c,0.0
1572e645-3879-4317-9a43-c55c70161ef5,0.0
02a3779a-5706-47a9-a6d4-26287f7a7d6f,0.0
903429ad-625a-49f5-9dbf-453c5221b602,0.0
b5420ad1-7d53-4564-95af-db16df575a23,1.0
feabf121-9d37-4ca5-a6c5-ac4715b57ccd,0.0
f0b2d2ab-7fa5-48d5-bed8-a53689e4df27,1.0
62067af4-1862-4aa3-b3b2-62c37fde1803,1.0
a655085a-b32b-4a43-866c-8c9f88640536,1.0
64e72559-bfa0-4a8b-b5c1-27eaf1e7d819,0.0
ef5e2a35-e27f-40af-b96f-759917d96ec2,0.0
eac3e46a-5c62-414c-9407-2157895088a2,0.0
6dcdd4fd-c3d0-479d-8bf8-c6295faf7db8,1.0
4643b7eb-30a9-4ca1-a46e-834c35d44796,1.0
2d96c679-7b61-4da3-bc39-cdbc903ead86,1.0
56df008c-df4f-4637-a108-f36175368e73,1.0
27d934df-fec0-4863-8687-feba225ed7ee,0.0
c4ece53a-06aa-4590-853f-9b389287f285,1.0
8528a51a-d4f1-4d4c-803d-9b0c69a8bdfc,0.0
ce7efc32-25dd-4b77-ae2e-2179b683cd89,0.0
f1ca465d-7e6a-4ab8-ab34-4471a96fa1a8,1.0
a4fe500e-7e95-4f96-9f7f-174ac8de8598,0.0
1ac43b51-ab3b-4f05-bbe5-efcaf967be0e,1.0
7991abae-4671-4b8c-bfaf-44cfa79431e3,1.0
d37d6bd4-9e57-45fb-8135-26c017c0b57e,0.0
fd967cdc-4e4c-40f2-86f7-c7ab2b134893,1.0
e7d5e061-1857-4178-bab5-bf3eb9e58ce6,0.0
529a5876-f320-4140-8fc8-2f7420960daa,1.0
c300c54a-f3be-44f6-8b83-7f22a7471843,0.0
d6723dc3-1f14-43fb-a879-7e9c883446da,0.0
467b8824-b682-492b-a4c0-b5d38098ddfa,0.0
1f0db81e-a4fb-4c05-baa8-2440a56e3d04,0.0
9a6af826-2ad3-4fd9-be61-43729827f113,1.0
9714894b-9ed8-47c2-88b8-619a37e42244,0.0
93eb8c4c-e657-4c00-b5e3-9d42fefa6f6b,0.0
dc9774c9-f872-4c23-b91d-ec9ca6a1dd5d,0.0
337fdebd-6923-48fb-9c78-8fca38a3204d,0.0
60fa3972-3f54-4132-9527-cd3973a5ea82,0.0
26d72a4c-4b7b-4263-8cd1-28bc3003493c,1.0
6ecbf524-b2cb-4167-8f3c-021354be710d,1.0
28598c4a-a58b-4c01-bae4-a3d36dbd810e,1.0
d5e21082-99e8-4ff1-894a-e8e0db10e6d7,0.0
87bcf9a0-2903-48b4-8e46-0def18d84df8,0.0
fb7c71ec-d7f6-4ad0-825b-00a231426f97,0.0
8d303eb2-ef30-4983-a7ab-63329a3a9f53,0.0
3c980dab-2b30-4460-b6dc-8cffef5eadf9,1.0
dac1afdd-38a6-453a-9be7-98e8d24834c0,1.0
2edd8091-3306-4adf-a37c-25be797eba76,0.0
1d74f9e7-d918-42a0-8990-d14c2f295aab,0.0
58385991-58dd-4eec-9a31-77c6cddde6b1,0.0
db74c126-1fee-4c94-a2cd-c15298da61d0,0.0
a51bb5d0-0423-472b-8db0-7573312cb0b3,1.0
e8aa0f2d-2447-4c00-9fcd-a4fba55150ec,1.0
2e7a4b33-b702-434a-9739-8cb1121b5dc4,0.0
267db550-4bd0-47b8-b124-f17edd706903,1.0
0c7dd897-780e-47d0-a6fd-8c7ceab1e227,0.0
8945ac2e-6d6c-4292-8119-eec02caa32d9,1.0
dc2cf759-7c24-48d3-8330-054bbca2b306,1.0
f108dfe2-00b5-4fd9-9976-f65f9fe1f0d9,1.0
4cd0b098-f8b7-4f71-bbfd-b4bae55eb593,0.0
8cf39a9a-3e3f-41f3-bffd-101c3c3832a3,0.0
7c6424de-c0c7-4918-b363-e602ed35a966,0.0
3b62bc8a-81fa-41d3-8a99-68cd12df8fe5,1.0
5dea5863-9f27-4b38-a186-a5670f734537,0.0
6ac998e0-817a-4cb3-a1f2-1127ef0f2be4,0.0
4855c2e6-f81c-4165-830e-646f427e62c0,1.0
00343594-5635-49be-87c1-71fc8282f98a,0.0
94a79b01-78f3-4aaa-9631-acd9582f6756,1.0
08e1018d-b50a-4a76-b11d-0f3a7cdce3c2,1.0
81caf7bc-4967-4867-b0c9-cdd2fc62af35,0.0
76e1d6e4-6a1a-4f39-8520-a70d9e68a1ed,0.0
8f0ecca0-2371-496a-8a94-900cb882623e,0.0
b15c8636-e1ba-41e2-a1ec-bc90bae1b6ae,1.0
81588a43-e715-4a8f-822f-f97244ba1be9,1.0
e6407c13-760a-4ea7-972a-93759582637c,0.0
7cb02acd-08dc-48d3-b8a7-08ebcc33e813,0.0
bcba9ef7-6880-4acb-998a-d6f94f13c93f,1.0
24011329-5499-4225-a20a-62ac728338cb,1.0
fa901645-5589-4916-acc0-33ecc0fcc93e,1.0
da7d1ba6-22db-4c8f-99db-a2cd1f1f3a3c,1.0
920948a5-9bc3-4f97-9483-680db93cba09,0.0
8b4ed49e-1bea-44b3-8f7c-391419f23451,1.0
5b86cfe7-0236-498b-951e-fe9434f5f4c0,0.0
04110c73-09a6-45c9-b128-63c592f74598,1.0
160bba01-29af-4a47-b252-cf6a9e517be3,0.0
729fe8c8-b7bf-4f6e-9c3f-8c70b1fb64ca,0.0
cbea9266-ab87-4a47-91c0-90ff086dbcff,0.0
9e143fc8-2c00-4ac8-baa3-9b6631596300,0.0
272e2b6e-ab6c-4446-9ab6-d744eef5e67d,0.0
fbfc81c3-c974-41eb-8c6e-a39c3ead6902,1.0
0a18d387-c889-4de0-bcb6-c23f31eb3fcc,1.0
6ca69b67-f81e-4d75-9ed1-1f9625824049,0.0
5fc98b7a-9fd8-431d-af49-ef17ae1c73e2,0.0
dcecb910-c980-4927-b7af-152d456ed2ee,1.0
47fa728d-46e0-4752-867e-f70bb5a61713,1.0
506adb1d-52d2-47cb-aee0-947ed2947bf9,0.0
90ef6a09-6557-4101-98a0-0e0c7714aa00,1.0
e77bff51-c252-414d-8bcd-c4758bdaa3ba,1.0
67d75668-f5fa-47be-82f6-f1e1c82e5307,0.0
4df77758-cff9-4ab1-8bc6-08450b529067,1.0
adecc0fd-0aef-46b4-bd0c-6ab6f7c6ff70,1.0
a21fb2d9-65fd-4a1e-89d0-1c5f643209d3,0.0
d6d5832c-b47d-4727-91ef-1d12816da6eb,1.0
06bdf4f1-f913-4988-8c59-c99f8f403dab,1.0
0225774d-20ef-4938-bc3d-0f855cc76e44,0.0
bc5e291e-0fce-4752-a54b-3b904d19d325,0.0
d3bff399-82e0-4f05-b6e7-4ff52aaa0b25,0.0
0a29a555-ca56-444d-85f5-8608b61257aa,0.0
f997d362-d59d-472d-abd0-0dc481bb8da0,0.0
521b369f-70c4-4b5e-991e-49e6f3736f45,0.0
4e42608c-63f2-4b43-b2d0-443aef780e9c,1.0
65393dd2-81bd-4653-bac4-3fd4d357c86b,1.0
4ee24fe4-0efe-40ff-9a0a-f5ddf775fd93,0.0
b4e54d51-7f9b-417b-a149-5ef9c7c4448d,0.0
6f2090bb-83a2-4a2e-aa53-e2e9c00cabc2,0.0
2d422ea4-cb7f-4316-bccc-ffded6eb3e79,1.0
4b855f69-84ef-42f1-bbf5-e5257e6a1f8c,0.0
745d7498-614d-4bc9-af12-f8feb5af676b,1.0
6c727bbc-8043-4469-a8ac-9b19d37a2c06,0.0
90113305-16d5-43a5-99ca-a73ad189441c,1.0
021b6e25-9b72-4af4-af8e-02792f0cbfa1,0.0
7e7a9c13-cac7-4e1a-b1b5-33da4f7032fb,0.0
79f254ab-bcb5-4c77-8fc9-5e8724e062eb,0.0
171d809c-14cf-4fbb-8b3a-9fda0e530c74,0.0
1c1b2661-bae9-46ee-ae46-b3c410d99b07,0.0
21bc59fb-15d3-4668-981d-879406d9445b,0.0
ef022bca-89f5-4404-b347-088059c130fa,0.0
abf71ec7-dfe5-484e-aa17-e00dcc4e5382,1.0
f59cc63b-e28b-459b-8dbd-b9d02f49ceef,0.0
9a871b95-de09-4697-85ad-23a017f2283a,0.0
f5adcc7a-0850-444a-9e5b-6435c42ca8c1,1.0
af0c466e-d9a9-4c0e-af17-fc0e84d4fd76,0.0
553f677f-129c-485e-ab67-922fedc77b4c,0.0
6e84e0f5-a3d8-4821-871d-7fd00984596d,0.0
56ac128e-d7ca-4b52-86de-609e7c25acd4,0.0
a718067a-a867-4660-9e84-68ae8a9f88ed,0.0
b9f8385a-7f2b-40a7-8c12-b60869d8b88f,1.0
0687dde5-0b05-4c2f-9a80-1c8f1f80ac20,0.0
5eebd35b-7b0d-488f-867c-4116f17b381f,0.0
84d201fb-1ef6-4bca-b9f1-c7ac612f9b59,0.0
ef1f37cf-ae49-4a9f-9041-4a7937de7697,0.0
8e6dd11c-8417-4f1b-89c5-d15d146394b1,1.0
3c65a4ca-6e05-418a-86d7-72d7fe8fb4c4,0.0
02b282ad-2123-4ad1-9962-13f01ec00af7,0.0
e4e80f2a-9ecd-4fa3-a994-b887de3d24b9,1.0
d3bbb283-70bb-4dee-a9da-90e800c7cfc6,0.0
b789aa6c-8c2e-4860-bd7e-ed6968625e28,1.0
21042b23-c0b0-496c-8732-9f386d0e83d1,1.0
a133bdae-242e-40a0-b5a7-c2f899c7f18d,1.0
7d024c5d-9a31-4025-b999-d8777eb3bd88,0.0
e7f6c8f0-e6f7-4ce1-afc8-2fabaa25c592,1.0
72f06007-0309-4349-819a-c902474c064c,0.0
ec0f32c5-b865-4862-98f2-6c8ce9af76c0,0.0
c3e04194-e857-4073-8cb0-8d2b405ec105,1.0
1e1155df-1e29-4f75-8a54-1fc86ffd45b8,0.0
18b65552-ab44-4c6d-88a4-7dae950d08c7,0.0
770c1183-6fd1-4cc1-a535-13369ab29d63,0.0
1f9de6b6-8fc7-410d-9f51-23bcc8e8ae38,1.0
63c7c040-36c3-4dd7-92e8-79222459abd4,1.0
3abd61be-6f23-4040-8a38-43c38507bc75,0.0
9e489012-50f0-49e8-8ee7-58d0b9d5ed00,1.0
790585a7-29b0-4e27-8946-bc7d2d400f9d,1.0
a949fdbc-2197-46c9-8eda-e3ab046f0cf7,0.0
41989e84-7756-4631-b4cf-63b6eac67ffc,0.0
fe2b3e7c-4ff5-4236-8aaf-0b2d17f52e9d,1.0
8eb33c6b-80ac-49ae-be99-32d3f0d725e2,0.0
08dd98db-56b1-4bc6-b95a-0225de95a563,0.0
cc345231-285c-499e-9f75-bbdda7749006,0.0
415b0925-2f7e-47dc-aaac-cea77b50b495,1.0
f0fd1eae-16e0-4b02-bcc6-997ae4d39783,1.0
d4c58ba8-1fbf-4050-983b-db2002577c1b,0.0
7ffc4a86-838e-487c-9b02-24aa63695366,1.0
013df39b-742b-43e6-b96b-e1a695a82394,0.0
7f54ad19-4a78-45f8-9ed2-cef539455011,0.0
8e270992-9f67-4954-aead-83f3166b664f,0.0
0020f7c0-8f66-4fd8-b2f2-371bcfdd2ee8,0.0
5822395e-c04d-4a60-809c-185f19399edd,0.0
c522a87e-8649-4e88-a033-7c4f43d8fff3,1.0
fe2f7121-5030-43a5-9ecf-2e764df565fe,0.0
35e5e2b6-35fd-42bf-b759-67b02068973c,1.0
2d5e6069-f625-4cc6-9114-457ff6487560,1.0
37398295-df92-4aaf-a2b3-b16a284f4950,0.0
a783e6eb-bcc3-4555-bd7c-bbe2a085641c,0.0
2c4d3b20-99c9-4481-bfb1-0a6938adf134,1.0
1a259de4-5460-4d69-af92-029a47d9fa41,1.0
366827e1-9b48-43ab-a194-2b46d9bf4ea9,1.0
78b46fb9-1faf-4a8a-a27d-805eb355a8ab,1.0
2881afda-b7e1-4ce1-b33a-5b5c698e4771,1.0
4b0073f4-2cd8-4153-bf62-63466891afbd,0.0
60d01dcc-877e-4db1-af6a-99b6cb3195b4,1.0
09a7709f-d9ea-4dc3-aa05-53ead5e796cb,1.0
9cb8fc54-9865-4fb4-8429-56c0cbf94a21,1.0
f2caee85-f497-4145-932c-197ee0baf502,1.0
e969f8d0-b82f-4754-995a-f371032007fd,1.0
e3fe8bd7-63d1-44f8-8eb6-7899ec1c95c6,1.0
b2a99074-ce30-4dfd-9dd5-b900cd386c42,0.0
e4d5ec5a-f296-4953-9f1b-02a7f3f89e03,1.0
fad687cf-9f37-4186-9d44-cdf065fc9387,0.0
edc555b2-1e37-4bfc-91e8-bab920f674bd,0.0
0ad50551-31c1-4e94-aa9d-9b121c8e61e4,1.0
a5d32ec1-98d4-454f-ba47-9a229f2f38ac,0.0
09690ecf-ca9a-4d02-813c-122103679594,1.0
a1e1a6a8-5740-4c0d-ac7e-15aa58bd6725,1.0
516bf83d-052e-460d-a2ee-250999c95721,1.0
684427dd-9c01-4dca-baa2-dcce30c30f37,0.0
110b616e-5ac5-4d5d-86a7-e6219860fb57,1.0
04c3ecdd-b3b6-4557-b28b-9fdb96af5712,0.0
fd3d6503-59d2-4f85-8ec1-00e58915f559,0.0
b3e1c217-409a-4233-96f3-bea6de811c1c,0.0
7e46b660-31f8-4822-ad6f-e52d8ee810c6,0.0
d5fafbdc-74ec-4372-85e4-72106910d1f0,1.0
99d90350-84d5-4055-bffa-3c8c7f9001f6,1.0
c965ca3f-6a60-4d78-9e2e-c032c5ca9e8e,1.0
e406b331-ffa2-4607-b91f-0c2b5c9a0894,0.0
c24991de-47bb-4626-9eca-c6ea255e5b3c,1.0
7523f50f-a077-4489-98f2-a15aeec46271,1.0
2b93f03a-c027-4cf9-977c-dbd2d7a31192,1.0
27a422ed-0552-4ca1-a554-04eab8329473,1.0
9451acf2-fa57-4f6a-8239-20fee86f1445,0.0
116a425f-be20-487d-a414-8a010cdc7f84,1.0
f745fe23-aafa-42a8-bd09-911f03392430,0.0
b9164414-0feb-4b8b-8632-098f2ff670cd,0.0
da0a2148-ae49-4e9f-b11f-abd4eed5d761,1.0
c1f1f862-ace2-4151-96c8-eb81be4cd641,1.0
9d7c46ca-d127-4a82-81de-ffe51877ec0c,0.0
9b70a98a-f8d8-4e44-9199-109ad2fee4a8,0.0
a1d96deb-5695-4133-852f-15935ce9e064,0.0
c43410ab-504b-415e-b11f-ac510cd0a032,0.0
743fb3fd-7c37-424b-b11c-177a21c293f1,1.0
ebcf8c1a-ce41-4919-bde6-51c41928e42a,1.0
9dd86471-7c59-45b0-b6e0-a9648f55afda,1.0
fae6677e-b623-49ff-978c-0ca432a5b29e,1.0
acd63322-5752-4bd4-957b-51e4f59e29f6,1.0
8a5abcbe-fb64-47f4-90aa-effd283ed981,1.0
bbd24ef6-1337-42b1-a7de-194ad4be4c6b,0.0
3534299d-3033-4aa5-8a54-dc1515eabc8b,1.0
46ea1628-39b7-4411-87ca-6e2fe44a4df9,1.0
b9b5edd2-2e07-4f6f-8375-231ce613a705,0.0
c11c36aa-4ef6-4b66-b32d-1e82fde6cb70,0.0
86de07c9-6320-49bf-8fe0-138a2d816414,0.0
89a1fa93-76e4-48f3-8315-4165f0a19a6d,1.0
708ceaa5-1f41-41a5-8873-42d2bc0ac108,0.0
6df5d251-be8b-464a-a668-803d93fd6c9a,0.0
1f26d4a2-894c-4164-84b0-24d3623c2210,0.0
d36b4188-4ebb-438a-8432-0ef8c9ab0f13,0.0
924819b3-837c-4ff9-abb3-ad84befe883b,0.0
538c1e03-9756-445b-8df1-070caa915a29,1.0
79bfda28-6e3c-472e-bfbc-463302d03c98,0.0
2236fcb6-b502-4a54-a526-c8b991221fcf,1.0
86e355a2-d375-4e89-ba95-310ce2e57dd5,1.0
9f4065f8-73a2-48ab-9bf2-ba068b107a24,1.0
4a37485c-84a9-4560-abee-8bccfe9e2487,1.0
c925ba81-ae2e-4a83-8b76-4ac8aba66bc7,0.0
f1d41623-32a5-47e5-92c9-d16278f3ec3d,1.0
b825d52d-f5a3-425c-9c8b-a0e5c2d39a45,1.0
5e79752c-12f4-499c-ab4a-886a161b3c9e,1.0
67cd66ee-8382-4433-b919-849914542d54,0.0
8d7b3e6b-9371-434b-80e3-3ac9b29d000f,0.0
557b9c98-1067-4318-b392-f5a0e1b6e67b,0.0
900fb371-a80b-415e-ba0f-03094c7607c1,1.0
247bf273-61ff-4c30-b9d1-e6948d737d8a,1.0
9eef7a8b-e110-431b-906e-4fb49ef9d2eb,0.0
3cb7cc04-06b5-443f-8ad3-954a3dd88143,1.0
5266055d-afd4-4d2b-abce-61c508922f52,0.0
c27e10aa-0d2f-4c36-8ed5-b2c8087c7f99,0.0
60876c2a-f215-48a7-9d96-d9ac16a3fa9d,1.0
ef88631a-f125-42b4-9577-64f27090da6a,0.0
2a5d14e8-f911-4e66-8d64-4280e3c14930,0.0
efcafa0e-94e1-4d0a-a054-89f84ce9784d,0.0
59c83b1c-e631-4857-84dc-0deb33e5e7d7,1.0
ac688274-9fb6-4bc0-83b4-aa8f5a796197,1.0
00669057-eb7d-4ade-9ac5-4d838a50ea09,0.0
64edc74d-cdf3-4ead-b340-f428a30d3750,0.0
2861c213-137f-4e8f-972a-230d4ed37854,1.0
cbbefb9b-876b-4ff1-86f1-035c639161c5,0.0
09a732ed-a7ba-49a1-b54b-76f60a3b2fd4,0.0
b384257b-c483-4a97-bc9d-55a60203c136,0.0
e4e98394-5ed9-458f-a8d3-ecb8d01c3e73,0.0
d380bc4c-7ffe-43b8-9b92-8598c4ae16a5,1.0
072f37f7-6dea-4bad-a261-a5099e3111fb,0.0
ad7bcd0c-c286-47e7-9ba4-5eacef6cf219,0.0
6695ebce-38c4-4c3c-a408-6a15156011ce,0.0
e02a018c-c951-45f6-89b2-75334f0a8303,0.0
361f7261-b54e-437b-80c6-933eb5d365d3,0.0
26625d71-485f-49e7-a628-e06441ad5322,1.0
08d42572-62f3-422e-be11-fcff0254aee9,0.0
5d12084e-59cd-44ec-a77a-88546e4d4621,0.0
1d9a694a-cbca-4646-8d3f-c0a2e33ba42d,0.0
edc1ea62-d20b-4fbf-b57a-13a78794c22a,1.0
8c072c1c-df56-4452-9891-933576818363,0.0
d55b5a22-f508-4d51-8cd9-70883d39ce6c,0.0
ed82ce9e-b15d-412d-88c8-e64ae21a0988,1.0
018d6c7b-a96b-4900-a6e5-21208e130c6e,1.0
0cb55f05-a9ec-4c08-b532-dac60803efa2,1.0
3ca00119-541a-476c-9798-e8cfc9935814,1.0
ab019cc2-917d-4431-9b88-18aca3ea3a64,1.0
7945906e-a581-4aed-9eff-36087275a7a5,0.0
bff06cb7-d954-4d5e-8601-004b3fd312f1,1.0
16e29799-9586-4118-adce-609444f889c2,0.0
21fc8fa5-320a-44a2-91dd-3fcdc420ddd7,0.0
73c7f279-5879-43c7-aa8d-98d42f759910,1.0
0c25f8b3-71d3-4d51-9961-787fd6ebb657,0.0
afff4486-c9e3-4482-a63e-21a13aaef266,1.0
9ba2e6a2-f8b3-4281-bd2b-4ce41a2e9424,0.0
5b158ee1-812b-4afb-98ee-69f2beb8b685,1.0
da7e1671-0ae2-491b-93a4-3f4dbd0ec667,0.0
7b92cf8f-8bb1-42de-ab50-ceb1a5b967a4,1.0
bcfcc529-a843-4af5-ab9c-d04d28d9022f,0.0
14a0af5b-303f-452e-aa6a-9da57c8de885,1.0
738ec26e-287e-4334-8b7f-39c3ed9e1055,0.0
fae192f2-92af-4de8-ac33-75ff02b7f349,1.0
5d5e4148-710e-43b0-9484-9cde6ce1a3cb,1.0
005631c2-3f97-44a4-8fa5-1cf77a13a8f0,1.0
1c46fc9e-121e-445a-9c06-082b37eb0aeb,0.0
cf7fac14-6be2-4c20-ae48-748f908acbfe,1.0
6004eb5f-74e1-48fb-9df5-279419b4fc93,1.0
42caaab8-8e06-4628-9d35-a0c021eb8bef,1.0
017cd1e3-1688-4778-8d4f-1e65279e6ac2,0.0
86273c59-f19e-45fd-be37-69c4ca94ac1c,1.0
011dd108-427c-4ffc-a1c4-7c9b582fe2b2,1.0
f3fc5489-458e-4796-97fe-99121373edf7,0.0
16b099bd-3c0b-4f9e-92a1-78415ebd185b,1.0
0e48259f-09a2-4250-a9a5-c6939092c70f,0.0
0aa01392-704a-4808-a7a1-22939e82b8a7,0.0
5774721c-170e-4e35-b626-4982d200ddaf,1.0
a52ffc59-b2a9-4e23-80d0-34e688b7c165,1.0
5b148426-3152-446f-b70c-be46bf7a3a0a,0.0
7ba75b05-2e0c-4f04-b3b8-6c655559c47f,1.0
0e8071c4-0a33-4554-9bd9-9ec284a2383a,0.0
812c7ec4-b96a-4c41-a772-c90f8bccde91,0.0
7c119975-1fcc-4267-b290-c3365ab1a5cd,1.0
d85e6f91-013b-490a-8a63-3d1b07cec47b,1.0
29eaed23-8d74-4417-9ec6-5ffa2ad5f20b,1.0
36a75e58-6608-40fc-8086-84c7d354aea0,1.0
56d0ba24-9133-4f17-89d0-7ad6f10bedb0,0.0
b2f6fe65-df60-44b7-8666-82a6d5767bb3,0.0
31b00d38-4147-4284-9845-844c75b8d10a,0.0
fb826e5e-2954-4213-b567-a1be08c18a02,1.0
a13ca1b1-023a-4e2f-80fe-b8fc049a67d3,0.0
8b787c1b-d83c-4c73-9f63-2347ae2c96f8,0.0
8d9ea7fb-2471-4951-9dbe-f11fd4332412,0.0
fe380c77-be1f-4bf7-a2ff-0628fca4b1fb,0.0
1254f5ee-28c2-48e6-9fc6-4b68067b0f12,0.0
f1f17c01-affa-478c-b5d6-b8e01cea3ccf,1.0
b117cb1d-0c6c-4569-adec-e22960c6496a,1.0
6b211d1f-6e56-46bf-a016-9698833f623b,0.0
7cb4e827-ea9b-48ff-a715-79d4cc798cb7,1.0
ffc67c0d-7027-4a57-a29d-a3e185e3b652,1.0
f1303a70-701e-4a61-8e31-3bc884c73533,0.0
812b02c6-494e-447d-b5cb-1d94e19b9b6a,1.0
e3965878-03a3-48ed-9cc5-e17a0311a059,0.0
ac7fdb59-56cf-4ef0-ad15-c43f15cd921e,0.0
b316c78c-2e92-4135-9e5d-1b8dfd9a5716,1.0
227c8d40-e621-47c9-91e4-219bb59e33d8,1.0
7e8a79d4-50af-40bf-88b0-d88d76504ddb,0.0
9f2257b0-3472-4afa-a4de-afc25960e36c,0.0
4810e315-09be-4a3d-a702-4f454e85ce8b,0.0
d62ae140-682b-4453-972e-b8d207448658,1.0
98e2666a-5cf8-4a82-ad65-78b609824bc1,0.0
466a5cfe-57c4-454f-8f16-1e69a2097faf,1.0
d0cb52cd-f89a-40aa-b3ce-3b5916d0e525,1.0
602d9f86-de3b-497a-b1b8-8f21fde5e56e,1.0
d62f5fab-654c-4528-bc15-70937dbeb71e,0.0
76c38577-b76f-4469-b892-d2d0dfb77f43,1.0
0c32686f-13d8-48d3-bd63-79c7d7edc723,0.0
d49b860e-f3ee-4057-b214-5a6ac977434a,0.0
de221f5f-a60a-426c-8f5b-b98834a8136e,1.0
3c537fa4-00d4-4d7e-8348-529b2689a00c,0.0
adf24b73-3843-4731-ad08-d0f615c7eb7e,0.0
1fc9d793-06de-4cb5-982e-8487d2c9a5b4,0.0
539a51fc-4975-43b7-8856-e39a378c0b80,0.0
493e19ef-55f4-4399-9893-0178f2ceda62,0.0
e33fa927-9882-44f2-9b05-b8e227a002e0,1.0
5e338725-7b32-4bf1-95e9-fc5f6ba14294,0.0
ca589978-19a4-47c9-ba52-c9bf5196f9fa,1.0
1987ec20-dff4-4645-8115-5178fbbec6c9,1.0
1b9f31cf-f3d9-4a96-867a-337186d1ad1b,1.0
4466e893-da6b-49a3-9fa8-620d2e92a870,1.0
33592735-f621-4a46-b97e-575e8a46c372,0.0
763463b2-215d-4b4e-b121-32966089c0bc,1.0
62ef7d71-6ddc-4ab8-b501-756d3501a4b5,1.0
fa73552a-f07b-4073-b8b8-f7018ef13d4c,0.0
9d310aef-a3de-44cf-9bbb-2cc4d3413f9a,0.0
61d6a6b4-b131-4991-920b-4888150b40ae,1.0
185169a4-9837-4f49-ba6e-8fdb3eade9d1,0.0
5f57f650-8d21-4317-95c1-5cf0e29ee3b1,0.0
24aeb2ad-d469-49d9-88aa-57b348b75bea,1.0
44e7a7db-1c77-42e8-b994-082c1a466a38,1.0
b7bbb7bd-eca1-4588-81f8-7a30eb5b646c,1.0
c0ee17a6-2714-41c3-98f3-3b02b9b4d361,0.0
84b90cda-67f1-4547-9e02-4cde9de584e1,0.0
8ecdcb2e-8c83-48bd-95c9-f31c6b3f4d3e,1.0
678dee81-c669-4ed3-9336-191ad47b945f,0.0
5d6ee0c1-6cf7-495f-adf4-a3837be26d69,0.0
6f2b076a-d0df-49ff-8323-491dcc16e097,0.0
703a932d-a15b-4c97-bb39-ff74ddfcf3db,0.0
a48bd740-af99-4a61-8126-b71283f617cb,1.0
8751d3b7-245d-48ab-b73e-4dc570feac6e,0.0
24024601-3c39-4498-aa84-81a9407c588c,0.0
8f0080f1-8b77-4583-aa5b-58aa9b156fcc,0.0
37aeab22-6018-419a-92a2-f3a866e7148e,0.0
0b879b96-7e8d-4b9f-9ea1-a969e0cd9eb7,0.0
314b9d72-5f39-4b0f-afff-2f9a14f47054,1.0
892d5c8d-9219-4d5f-b4fa-a3666e52c289,1.0
f5393c13-01ef-4abc-8b1e-1ff5bbf85267,1.0
9a78a1b0-296f-40db-a5f7-32218535be7e,1.0
3002a57e-8e1f-4dde-9095-3183980bb90e,1.0
3463ba8c-b6dd-4e20-8870-ff87c2130886,0.0
ca131288-0464-4b57-9386-c9360ba0005d,0.0
aca1c419-72ba-42de-8c4b-2b58dd55ce19,1.0
f2b0957f-e4b4-4db6-8e1b-2ac6300824aa,1.0
3996f607-2805-4cbd-b3e3-d0aa71d6080f,0.0
c7ef4953-e0b0-42cc-ba9f-f38a597215a5,1.0
ee565e6e-b5da-4b2d-9c06-c4f25932a570,1.0
ccec19c5-7452-4597-b929-20ec52d8a4ff,0.0
cd7937d5-03d1-416c-a6e1-a2d95ce35c1a,0.0
d92877e3-3d0f-4f51-ac7b-1d2c210d45d2,1.0
e93a47ef-eac1-4d85-81a9-be25a8580f28,1.0
06930c25-f433-4f02-a159-20fc8a9c0bf3,1.0
663e970c-bbb8-4747-9fb2-c2cd5f6a7670,0.0
cb4aaf21-d36d-4a6d-9e6b-a4dac693566f,0.0
1bf45f49-c71d-4603-9b38-257497f3f29e,1.0
ee90a7da-4abc-4595-b324-6a8a44832ca6,1.0
e0490777-6c08-455f-bad7-7aee4c9cd86c,0.0
0bfbd96f-cad8-40f6-b21e-396f2186c9ed,0.0
ba408dff-2227-4fcb-b381-d77dad16b0a1,0.0
1f2d94c1-6264-42a9-999d-95107b8ad1c0,0.0
9b5f7423-dd63-4092-b484-5b9645b13a1f,1.0
480b2dcd-6931-41b8-9078-e76cce91bfa8,0.0
d5ab569a-bd6d-41b4-8c8f-3dee5a6ebedc,0.0
d7c001a0-23b5-4268-a4c9-7814903fe723,0.0
ae0730e2-117c-41d7-a574-18984f4b1c1a,0.0
775fae7d-d93d-4698-8936-b808e64abe5d,0.0
adc14540-7e0f-432d-bae2-6d7668203fb8,0.0
53c555ce-454c-4e51-85e9-1227da5d0ad6,0.0
a2353094-dd69-4767-8bca-f1b5bca0b0c7,0.0
abdafe14-ef6c-4477-8d3d-732a69875c6e,1.0
77180e66-7b7b-4abc-8637-41899eba3d0a,1.0
afa3e05c-7e59-4101-8f07-716641f4ac92,0.0
8c5a1f91-d56f-4f7e-817a-b3066ea50ab9,0.0
c44230ca-8223-4cd1-8a3d-5479f2eaf814,0.0
fc224e6c-79c3-4d11-b365-d14154c5aaeb,0.0
9c21871d-dfce-4279-9494-14974f51cafe,1.0
9d8d4571-ff71-44c8-b6c7-1cbbaf71c2ae,0.0
17f42801-5639-4b76-bf44-9a2dec55567e,0.0
6709b8cd-de36-4060-912e-7a7c5e2beb95,1.0
205e039e-cac0-4308-8ef2-baa287c320af,1.0
87c71393-6841-47a6-88ff-d5110aba985f,1.0
02e872ad-643e-4b71-b3ad-76c51d6b200e,1.0
cea8a9fa-19e6-41fb-92ff-e3f61f475a08,0.0
2753308f-9d68-49ca-85e5-c79ddc945e2f,0.0
0b8f4854-e150-4893-8556-2c5ca5a56762,0.0
f07d7b78-c4ee-40cb-94ad-739b80e987c1,0.0
913e1aa9-2ce8-4b32-bde1-d90dcfda41c7,1.0
c5c5422d-47db-49dd-8f74-096899c5a6b7,1.0
6fa46153-aec7-444e-9d2b-2c3f6a07f019,0.0
522dcba4-d854-4101-a352-645b20ee23c1,0.0
f924d53d-be12-4cd6-b43d-4e3d0f7b831b,1.0
056ad06a-8137-43c6-a3a7-ac8fe47f71bb,0.0
95bb8af0-1364-4a97-b174-3e5c48667551,1.0
d3b0c8d7-3b30-49bb-8325-1634fd86bf80,0.0
176dd24e-67f7-4792-9714-3a3d7f8a20d2,1.0
eff6868a-e6ab-4f6d-8506-6bd9e6fc654c,1.0
3d6a1c43-34ca-422f-b29e-57dd43da8c48,0.0
070603f7-37f1-44ca-91d3-85d4ff4dc2be,1.0
cefe7974-489d-4b08-ad7d-7c40da2cc779,0.0
39e5448d-4252-40f7-abfe-bcdfec0ab029,1.0
51323769-ef48-423d-b038-fbbe8d15e957,1.0
4265ff33-aa68-45d3-a7b9-c37d73136e40,0.0
57082ae8-4208-4b92-8dc9-39701442ff69,1.0
21d429de-3ffa-4326-a34c-ae96c510ed1a,0.0
3a16b97a-ca33-4d02-a960-2f5c11434758,1.0
b8bac450-399e-4246-bc42-92b5c8856d22,1.0
47ea2fcc-a0d9-4411-a9f2-326a7020a8f4,1.0
b7106c0e-2a75-43a1-aaf3-afe9a02923ea,0.0
2ff80df8-62d4-4682-aa6f-73ad4fa5b2ee,1.0
f2994d90-2fc9-408f-8917-23a4b8d32287,1.0
0bbe8625-0d49-4f7b-9b1c-f493c2600525,1.0
93c57463-1892-4ca2-bacb-64f1407bdaa9,0.0
7141b212-807a-4cd1-b74f-e68207f519ca,0.0
98379647-7d0b-4095-90e6-963a522e027d,0.0
a64e894d-5e8b-4b87-b289-7e54f2fa7129,1.0
029ff29e-2450-4e81-a647-1173ba2264f1,1.0
0affc6be-a01f-46a1-97cb-b4f37c0a4da2,0.0
4683c6c3-e9db-483c-9931-1585dd260573,0.0
e7e45064-9262-4447-a0d9-1b9123e07a5d,1.0
ca8fafe5-47af-4d60-ad9f-ba9accdb6022,1.0
42a259ff-0bac-49e2-94d8-cae6627c2174,1.0
f6cd08e3-92ab-4157-8b08-30e20314cae2,0.0
bba4eb54-4d99-4320-bf96-0730f327285b,1.0
26196206-869a-4bdf-9056-7b40eb77b627,0.0
7c73b7c9-de80-49d7-b3e2-646c7d590bfb,0.0
53b30f4e-5f5a-4995-805d-1be96fa2bba2,0.0
435633eb-bcf0-4efa-bed4-2b23865d9288,1.0
500df70d-7ce0-45f8-a517-4cebc8c99872,0.0
6355ce62-4796-4d48-b8bf-1e5a6db67b21,0.0
87050c04-6fe9-46f5-a921-3310d0572c13,0.0
a28778e6-ead6-4364-8852-0a13f2c2a7cc,0.0
f1aff9e8-b775-4bf0-96c7-e7dc1a29752b,1.0
82b8ec44-cb87-4488-b04f-8026cad56fd9,0.0
5481e36a-e499-4cc2-98fe-5fb1230f1a5f,0.0
ec7d42f8-a29f-4d69-817f-322c16989c58,1.0
56003e1e-be16-4bfb-a972-f4bd3504d60f,0.0
3c408ece-1757-48fb-9e2c-61bbb8892649,0.0
7156b83b-3030-45f3-864e-e1107b0e2dd5,0.0
909507a2-8d7a-4ac5-98b0-055c60c7a247,1.0
bdc5b680-f1b0-46d1-a1f5-285ea1cebe7e,1.0
3c979963-6ff3-43f1-a21f-32e7eaa06098,0.0
e152c714-4114-44a0-885b-cd987aec1cd2,0.0
740f1276-c58c-4759-b1f3-1a753b55e8f3,0.0
f1e707ff-5972-47ee-b646-dfcd620bf735,1.0
04f5dace-4c34-41be-a1a0-758524c65bcd,0.0
ef6fc97b-b362-4a31-a990-ec566b0bac70,0.0
858ee549-00f7-4d1b-a539-f4e8c03678f2,0.0
8af5f010-ccdf-4988-97ab-54a61d96edbb,0.0
1618cba8-5b04-4b09-8f10-9a27c16e5a43,1.0
83694613-2658-4d84-89ff-d45d1f0ca028,1.0
e6cee5f0-c642-4ca2-a97d-70682fccc787,1.0
445f3a1e-162e-48b9-b743-4391905fed3f,0.0
a299fe7d-038a-42e9-8523-98b3d5a4591c,0.0
33cdd783-bde5-4200-8a2d-b95a6f572dfd,1.0
9bc720a3-8c5d-489f-a7c9-4b3439cc5723,1.0
65136ecf-5b8c-4f2d-9209-0ae60c0e2209,0.0
c86eefde-86d4-4e21-af42-ed6f0cd46830,0.0
d95c96dc-609a-41ab-b2e5-d3900a5a0e33,1.0
0179774a-9a2c-4ef8-8c50-b118490b52fc,0.0
54298772-33d2-4655-9090-7317954d17bc,1.0
0fc90325-fc36-465e-bbf1-e5f6304a60b9,0.0
15da7aff-bcbd-4376-94fe-c823ce90f507,0.0
09ec7ceb-a2f7-420d-8f1c-b12ecf10ad13,0.0
a0816f0b-2a62-498b-a4e9-e3c279810daa,1.0
116e0f87-34f8-4100-a0d4-67d0775dfd4c,1.0
147ac0f4-440e-45eb-90af-47baae55f882,0.0
637148b4-f1c9-49c5-803c-5ef2d3093bf2,0.0
411342a3-ce9d-4c81-b90e-1e8352e88453,0.0
b65ca54a-9514-4716-8f03-f33941ba06ca,0.0
8d6d996b-b3ab-4576-9f2c-33b9799695b1,0.0
52da2095-2e8a-4069-a77a-180c86282c0f,0.0
222e87e8-ed9e-4ced-a8b1-e6dcb93ede00,0.0
32712e94-ffb7-4f68-95c6-b64446a85bb7,0.0
d70be968-0fc6-4317-831d-7c0fb7e89969,1.0
df5f4d4b-a210-449f-b982-2f21f6c3db48,0.0
6bbd5411-8adb-42cb-a874-ff44e73df44a,0.0
f4a45a22-cd01-41ad-b5f3-e5248c737168,0.0
ab89387b-bd02-4ff6-995f-05fde8d36b82,0.0
8b86a6e4-18d6-4cf9-8f6e-29d4930c577f,0.0
62183a73-eeb8-4030-9edb-ff6e85f2752f,1.0
36cde484-5504-4ec3-8c8f-e19b99b79b15,1.0
1d52c84a-22d3-404c-bfa1-6629c3b2e9a5,0.0
853c87f6-c45e-4b6f-a907-137f3c2fb4aa,0.0
5858cce6-3cd1-4d58-a6ad-f04947cf5ca8,0.0
9b850d75-22f7-4ab8-86c8-81aa12204e5c,1.0
6d5a51af-7516-45da-bf75-0734fed3b1ab,1.0
4c90db46-2497-4c76-b6b3-f942b38af7c7,1.0
1dc41519-7b14-4c51-a183-5979399a3259,1.0
8b75b677-5748-48b1-83d2-baa719173f09,0.0
7586ab8b-c984-4c16-9e41-4c3af46be173,1.0
dde4be34-79d1-4e38-b46b-9703a1218c4b,0.0
5c8e6d7e-8992-44c7-90e7-30dba244558a,0.0
f4db55fa-77d4-44ce-ba62-9536c7daa19a,0.0
69c84eed-df3e-4be9-ae46-252ec8b4f204,0.0
30660c76-8b5e-4ed6-9bfe-da19f5f150f3,0.0
dd74fad0-c337-43ef-a08b-25e86b4b83c2,0.0
f3b04f6c-0fb7-4c95-bb8f-94ab1c38ffaf,1.0
1bb845de-610d-476f-8b7a-87aa20b39cdc,0.0
66cea020-ebe0-43c8-85a3-ac8c5b328fd8,0.0
c910c16d-4df8-4048-9940-6445935224c1,0.0
c90d7882-c913-4e66-b1e4-20efc05d2165,1.0
0236651e-d72d-40ac-9f29-c2efb6933a33,0.0
c9e54144-07f2-4be3-86c9-b344d46d1c5e,0.0
13e41606-481f-4760-9c53-7c882f31d0b1,0.0
5c817345-6406-4f58-b857-9f5dd30245af,1.0
9747d7d7-c87a-4fd6-91c2-42a354ee86f1,1.0
e59a636e-081a-4df2-a42d-3af3bbf06933,0.0
a7019dfb-4388-439f-94f8-ee8dbec2ec1a,1.0
176113c1-e540-4670-95fb-6247ca312f5b,1.0
2e6cdcab-81d2-4308-aa91-82f6a4b14f11,0.0
dc198389-9893-48fb-b73a-37a79c4c366f,0.0
3a7bc76c-198a-4a65-8d83-248d5f01108e,0.0
da82e2d3-6848-461d-80b9-dd0fb825f4de,1.0
b304cfcf-36d2-4a6f-8ca4-51dc6f0cbc81,1.0
68636c65-d98f-428f-86e6-586dc5b100c4,1.0
4e15208c-1501-4094-af4d-66de2b040849,0.0
9ec0a43f-b0d7-416f-b9bd-0141c7a593e8,0.0
73a04516-f2e5-4100-bf79-f40c17543240,0.0
377c1230-5534-42c3-8b8e-05f06aeeacac,0.0
e401c7eb-d159-4299-a23f-df1981692685,1.0
173d51cc-778e-4819-84e4-9126186ccc4c,0.0
42588c7d-93ab-4026-ad15-b8bd42da4f5c,0.0
62dbad30-2621-4499-9ee5-9d0e4f831067,0.0
4d17b3af-ed97-436e-998b-4f4a603bad92,0.0
189d8d00-ce9c-4f6f-ad6f-7d8ebe0e2285,0.0
b46e5033-43a6-457d-89fa-60777c7d91bf,1.0
dbdfc87b-8322-4b4b-bae4-83e33a0f388e,0.0
92f1a8b4-d5c5-4021-af19-b09a788effd5,1.0
b5ac1e72-1f52-478a-a72a-dbfdbab3a1d6,1.0
db75a40f-3cd4-4eda-8031-3d43d3442477,0.0
5ca17e75-eb48-4b0f-9881-c87ba5887619,0.0
bccee7bb-614b-4646-af53-60c55264aee9,1.0
4e4d9349-22e5-49b7-a932-828f3c7dc516,1.0
3c48ac28-da44-43f4-9bdf-acd7ef5d2eea,0.0
8223d6f7-1022-4f5e-a540-b6702d08e77f,1.0
8858fa7b-6b53-4d1f-8726-269a8464a563,1.0
764bd37f-de98-453e-a351-fe5614f9b85d,1.0
b0bfde59-964d-4ed8-8cd2-b5484f16227e,1.0
e0d42f1a-2da4-4935-9a2e-08b279be570c,0.0
6056dfce-69fe-437a-a49a-2dcc9188b9f2,0.0
5e7ae3ee-0f88-4dc5-9e2d-94c3b922f184,0.0
4fe67c4c-c377-4982-bb68-8cfe73dc0ef1,1.0
4e64f96f-938e-4b19-b8eb-e248e13673a4,0.0
4a6275cd-99b3-4933-8935-4556073514c2,0.0
e292f3ee-2099-4615-92a3-7dbcf529b444,0.0
3d5d8802-a634-4542-ab0b-e18057fcad7a,0.0
2a81aad7-e0e1-41b1-9b08-a963b5318547,0.0
558bca81-1e6c-46b0-bcf8-189502da4343,1.0
76cec9bc-f6ec-4f55-9420-d79c2f54b97a,0.0
d492727a-b9f6-40b4-b649-f25a647676d7,1.0
2c77a0cc-adf3-41cc-ac6d-8e26ee74aaec,0.0
56b8728e-fa9e-4873-bf29-828c1d524436,1.0
f9c1cd27-2a70-4499-b835-33f712ed7b66,1.0
985aa795-807e-48d8-8b12-224fc2510d1b,1.0
9943ccf2-c500-4c80-9918-d408a50b5f99,1.0
7bba59aa-2531-4784-9ba8-e0d94ebeafff,0.0
f180b527-14f4-4774-833d-21f546c6fcf0,1.0
96f1f245-d1ec-46af-a71d-2f5b5bdea24c,0.0
4ec5ae25-6855-4fb9-b3e6-7e00b19c0807,1.0
d723763f-135d-4cd5-96c8-e62aaa05a3ad,0.0
b02c3161-904e-48aa-9fb0-fafe1ee38dc7,1.0
1077edf5-0765-4059-9c1b-95e3441b5b8a,1.0
2ce0144d-2dc4-4dd8-94e6-03d6e7b24f48,0.0
4bb5bdc3-3aa8-47c4-b7a9-3ba72ac2c7b9,0.0
cb378cb3-e16f-46b0-9d11-41f173a12048,0.0
0307aad5-a83f-4a48-b3c2-b3fe6bb4f10c,1.0
e5a2c150-82f9-49a6-a2e9-b53eb621ba3a,0.0
fc5c86fc-ddf9-49a4-a5fe-39ced530ad78,0.0
d36bed4e-ef66-4223-9d5d-fbb674782a31,0.0
08f4f0f6-6f78-4021-b1c1-28694fe8400c,1.0
2df926e7-c34a-4f1a-b62c-f59e8f65ba95,0.0
ad75f695-9c96-4a04-b214-91cb206d9262,1.0
479c2ab8-6eed-4547-bbe1-08988426a808,0.0
72117051-d975-4d2d-a2fc-4d08112b8f65,1.0
18c8b627-e7c0-4138-a2fd-4e2fae1322df,0.0
8e79938c-117e-4de4-961f-2aff893631c9,1.0
0985b423-ed48-4a04-8fab-0ccea6b607a6,0.0
ab4b3963-5613-48d8-857c-329f93463b9d,1.0
d1861793-6461-4b0d-980d-2156d72996a9,1.0
6106b027-31e1-40d5-848e-5c5b50cf67ae,1.0
ac4798ee-ff18-40ff-b867-7f4779f61338,1.0
36d91627-165c-4857-b8b1-d4cbb95be439,1.0
aa18fd5f-51e8-4fb2-a3fb-7f504af6b551,1.0
6bd2f310-3039-435d-984d-21073b29a6d2,1.0
61975bdd-4917-49b0-ab4e-25556180c1c9,0.0
dac4d60a-a44e-418f-9f0a-d655dfed5ff4,0.0
15514b5a-4327-4dad-baf1-e8e66f0044fe,1.0
f9676280-079a-405e-bf2b-e88e077aae39,1.0
1093029a-c872-493c-9cfb-41768103d8d5,1.0
f11c331d-f157-435d-85f0-e88ba167887e,1.0
1b5fd9df-e215-45c3-9991-b45cd03b219e,1.0
68558060-5570-4c6e-81ee-b6203ef7118a,0.0
61ce7fbe-ce0a-424a-8c2f-0ed4ef3c6b06,0.0
60a064b1-6be7-4a60-afa4-d22277aa09b5,0.0
fbced6c8-0630-4c90-bb96-36581c732c56,0.0
47822308-1cd0-40c3-87cb-7a1054f1876a,1.0
164a07b0-2750-47b1-ad8e-054480058ef5,0.0
8d20824a-2d78-4f9a-bdd1-3992e54f8ff7,0.0
baa003f2-2924-4177-ac27-f07d4b4be306,1.0
bf73360f-e9ef-4707-89b5-49aceb3499b3,0.0
75b18279-4a99-4d6e-88c3-a0b4fe79a64a,1.0
81338011-fa6c-4f0f-9334-341a60dd1ab0,1.0
9793805d-352a-4e85-95f7-d9ed66dd29ba,1.0
6f60bc95-0380-4eaa-aa2c-eb5bb3c08a2b,1.0
33fc5bee-499c-4e28-bcae-51ffa8a447f3,0.0
b93753a6-7cf0-4e90-823e-0906502be8c6,0.0
faa9d2bf-4b4e-4262-b742-a8e3420184d8,0.0
f3fff8b2-28b5-4d28-b8e1-04fd3c913885,0.0
9be6f410-d8f6-4113-b931-cc69dd9d3fe1,1.0
a755acda-e76a-42b3-8385-e8d421a44bde,0.0
be764e6f-7408-4d63-b2af-5f0fe359cb7f,0.0
ebd29652-e493-4d84-93af-85339539fdab,0.0
877109c4-47b1-46df-89ec-0b9a2af1aa91,1.0
1ac0eed7-af0e-4dfe-9b8f-956d8a118139,1.0
2a1b828d-d9a6-492f-beaa-42e6d9e58313,0.0
a3dfeec3-eac3-4024-b651-371e422a2937,0.0
409f761a-862e-4132-bc16-5d550acc1bd5,1.0
d64def67-1338-4a83-a829-0135749b1703,0.0
ddaa14b5-651c-4b8c-a7bd-a56193cdb026,1.0
3f88e949-9d84-415e-8ed2-648bb7ae3b5f,1.0
1596992c-be36-4d25-9ca9-76fca7cbb4b9,0.0
ec047b83-49cd-4ed4-b8db-b160a54bcfd0,0.0
fd4b45e9-ffed-458b-9015-682744e21faa,1.0
f3ca78c1-dc68-435a-8ccb-ab2ea7fab8ad,0.0
c17c426c-cf1c-4b6c-8b88-09199f866ffd,1.0
dc3feb75-bd0a-4edd-895a-4c2323a3513a,1.0
81657cf9-a92f-4d26-bbc0-8c666dc85384,1.0
9aa57361-e5e6-4bb4-a02f-57e9fab837d1,0.0
77db9f46-ec14-41b5-ac29-55ba69f0eb99,1.0
dfb9efaf-28c9-4a90-b1da-71689b4e9355,1.0
4bee6a9e-d750-4543-8ba6-d90e9924040b,1.0
ea3159a5-bb64-42e4-952f-fbfe8c29f26a,0.0
d36b465d-9fc5-4217-bf66-e75fc59097ae,0.0
502a7e8d-43c9-4476-b872-b8bd8624fad0,0.0
045b3a8e-d65e-4680-9f9f-b4ab69cc9827,0.0
bbd74d07-05bf-42ff-890f-f14a7c0f356c,1.0
1c17926b-2dca-4631-a5c0-f3febb1a659a,1.0
fbc02cb7-fa13-4f90-9309-f8c2c17707aa,1.0
8517b08d-f4d9-47d9-840f-bba46fc4a87c,0.0
04c27f7b-9141-4e8c-a449-86f7dbfbb39f,0.0
8524f7c9-5122-4883-915d-f9ba8d28619e,0.0
7cd4009d-ae12-419c-a2b0-a7525abd6b91,0.0
5a780b1f-23fb-4d6c-b832-e20e91c09e84,0.0
6a2386f0-2283-401f-b66f-73c6bce4a86d,0.0
2bdd9573-6d0d-40cf-81d5-1ed40c307722,0.0
90f48a44-c9ae-4e9c-96ce-b7df3e3a7c98,1.0
4cc3aa0a-891d-48b4-8a72-781fd55e1e61,0.0
dc64ed62-6ea8-4d60-8cb9-949dee48c05c,1.0
2d82b4da-dbd6-4595-bb5e-fc80685f797f,0.0
23059e12-7328-40b6-bb86-b8f2fb21f21b,0.0
58d22d8d-1c96-475c-bccc-94067fa7ee7e,0.0
f59aa22f-228a-4db5-a137-d9cd5cd31bee,0.0
0dbeb103-f7e7-4814-a969-36b6737d3e82,1.0
4de540a9-a329-4b91-9069-bdd17b565bb5,1.0
6cecde43-2375-4bd2-93b7-613653173ae7,1.0
6b1bd3e7-8dff-4578-a845-e78a8581f2bc,0.0
2d9e74f7-4997-4bf3-9399-9d0c243b166d,1.0
6e924f99-eeaa-4b92-b1b3-4a841034fb8c,1.0
a84bb1df-11e6-4cc1-ae94-fef9b6e6d4bc,0.0
94677166-955f-4ec5-8d2b-664c777e941f,1.0
f820716c-123a-4bef-97b1-5a02e249ba10,1.0
fe5f73e1-6def-472a-9a32-e4126a217cb8,1.0
ddcfb012-d456-42c3-82f7-c599b96300b0,1.0
18a3ad8a-6149-4414-9177-e1f7293fb041,0.0
8a6e7940-b5aa-4afc-a2c3-5ce4a8a1491c,0.0
0f1b0fbe-9032-4025-8d06-a33bb2a92ae9,1.0
8607bca7-4ed9-4f09-939e-2114398d236c,1.0
18422db5-9700-4c8f-a622-18e4285df7bb,1.0
08851a5f-cdb7-4ae9-936e-dab2f474beb7,0.0
6df6e485-d622-44bf-94f4-6098800cccfd,1.0
d748c27d-e38d-41bc-be9c-66a1c63708bd,0.0
6dcd55f9-7261-4ea4-aa61-84e4e096ebdc,0.0
f317b557-0f01-498e-8456-1248242371d8,1.0
50675291-1d84-4955-ba1e-b3adf15a7721,1.0
54f9e469-c275-4dcc-bbbf-b8941992e687,0.0
128752f3-a864-4d10-a4bc-11dd29de576d,0.0
dba6d296-aeb8-4946-93e3-5cf6c25a185c,0.0
629dce13-9547-416f-8a5d-81618a2f5ae1,0.0
3e76c9e3-6f0b-46ed-b2a8-ce743e9fb269,1.0
7b33b4ab-a3c8-40f6-b8f8-ee2af4add165,1.0
ff5c8837-8f71-4f8e-9da2-ed1ae5e34e49,1.0
d9f204b1-71b9-43fe-8bef-17b6fef6c52c,0.0
c732bc68-e01b-4ded-be55-765e064da39b,1.0
638d1d54-3d4b-47c5-acfd-dcd776049161,1.0
e4d12540-8a44-4fe0-a187-4a39465a9674,0.0
61539bcb-6cad-4808-8b72-d8b92989a5fa,1.0
0db2f8b9-0bfb-4e81-b391-7422d8371a06,0.0
efbd0f94-cbd2-4b1b-b739-0d532363421b,0.0
f67c0a4c-ba32-41bf-8d92-26a83c3489da,0.0
48072cde-9664-4c96-b5dd-49357c252055,1.0
a19c32db-144f-4402-9142-e33c7db95fca,0.0
913c0396-d6ad-4610-bb3e-439a356393c0,1.0
50328f43-1902-44ba-8883-08a7dfc629d4,0.0
d5653121-5350-459b-87a7-5304b0f2adee,0.0
8cfbd831-55c5-4969-ab26-e175979f6cd3,1.0
3ccee691-4174-4e49-bbb9-cc5c95302a72,0.0
1c287a08-693c-42ed-accf-d911bf1c7a73,1.0
4a9f83bd-a996-4eae-a64c-e01cbdea575b,0.0
0bd6bd4b-b1d8-4cb2-8ec3-aa6f3834ab0e,0.0
4305f85b-efa3-4749-97d1-718c4f9a3121,1.0
85f414d5-3533-45ba-acd2-f37480a0a0b8,1.0
ba2ce6c2-4db6-4195-b524-81515ca972db,1.0
503220ee-5f3b-467d-a901-f6a41663538b,0.0
fc9ef94e-a8b4-40df-9449-e07a5b85177e,0.0
5e80f293-36de-4569-af8e-c1986ac8588d,1.0
35a0ba34-4afe-4114-b754-02c68053be07,0.0
8cbde845-8007-4813-a988-6e9f287ac61a,0.0
9bef868b-274e-46ff-9996-d7e33229c4bb,0.0
eb181f46-38b1-4a8c-bcbf-017b827de557,0.0
5f57213a-4852-4565-8f4e-b9e988cc61b2,1.0
a4f80a2c-0dfa-44b3-8827-33767cfcbb13,1.0
c510d1e0-b287-4643-9980-9c43c827a8b3,0.0
28871d3a-7116-4fc7-b3d7-5498c57e34d5,1.0
9a9621ba-9aa3-43bf-9cc8-897f2f84fb90,0.0
7583a53f-3a48-49b7-9341-22482246dfed,1.0
2615356e-1cad-4d31-b889-100684676200,1.0
58b64fae-2495-4f8a-a145-a79b5abf574e,0.0
9157bf2a-7533-477a-bd49-d9d544546ff6,0.0
7e5057fc-cc24-4c46-95db-f3afe4eb0025,1.0
7a554407-a2b9-4cc1-aad3-88a42d41bd4c,1.0
ed723d80-7c62-443c-8414-ebdaefdac709,0.0
4381e3c6-afa7-46e9-bd72-6cfa3c4aa01a,0.0
79f974aa-a242-40b5-9132-8ea0283ecaaa,1.0
941474b3-8e98-4450-82f0-b9728103ad6b,0.0
8f3f1486-605e-433e-80c6-37d663d5ab87,0.0
12e23a60-3126-48c1-a678-b8cb9c0deb70,1.0
b2dca72b-e7cf-43f8-b264-359400cb1b70,1.0
cb564910-5470-4a7a-9631-351fb8c3237c,0.0
f8b81d08-5bc6-4bdc-9b0f-782d472a7e8c,1.0
95c7d8e9-1ac8-4516-b390-436acbcefd28,0.0
dcd031fb-6bfa-4557-ac1e-75287e13efda,0.0
5e541a37-cda8-43ab-aeb7-f075e7687362,0.0
574a8b60-cefa-48ba-af3b-b0060546d998,0.0
70c03774-c851-4328-89eb-4654e63cad64,1.0
062c4677-52ff-4d75-9d01-fc031f52cd47,0.0
7f279d6d-5cb6-4f83-a64e-ec671af0705f,1.0
4079bb77-da61-47a3-b270-81ee1f1a61ac,1.0
629c3116-7d68-44f3-9567-2ae5cd8f7326,1.0
85befc88-9d76-4c5b-a076-b3e77f0067ab,1.0
496ae24e-646e-4c26-bbb2-196c850e2c5a,1.0
c0e0ed42-77b7-4a6b-a4c7-750c36c58b7c,1.0
79ae575e-5d8c-4778-9807-847314a81083,1.0
aff88ce9-928e-444c-a1a7-8d6bde944dfd,0.0
647a8288-050b-4c3b-8881-21d7cc34c2f6,1.0
62af52c0-1f2a-4ca6-b25e-749faf505ace,0.0
b538fb7b-0dc7-4dd6-8e41-93a0037228e4,0.0
216972c3-1ee8-4e0d-a4a2-46ae4f925ad7,0.0
8bbc409c-05dc-43d1-9612-1eb954351039,0.0
009c9fb8-5d4b-4611-949d-837200453bd9,0.0
d4673306-e21a-4f82-8f4f-adedfc685d60,1.0
78eaa3e9-e582-4a1d-9f7f-ea5846bc9b1e,0.0
f3c3e389-59a1-4a1e-ba4b-2cf6c0dfa358,1.0
c3f512ad-0827-4cea-8263-014366b09bd4,0.0
2f038c8e-0392-484e-a410-24c8017615c3,1.0
fc07fa44-5d32-4b5c-8739-e4534d3b95c5,1.0
1cd8b0ea-c093-4e2b-8c9f-ef78b6828fa6,1.0
8f59b291-25a5-48a9-ad7f-4d2b08ef0368,1.0
643c4b5c-8122-459e-bb3c-10b0e2d40e10,1.0
b95f75a1-668c-4d99-8ec1-771c78b44963,1.0
bc6a81f0-bf49-4023-ba9e-bd871ab74e9a,0.0
b25fb4ae-9bb2-4801-b174-30e8c221a57e,0.0
17be48b5-ecdf-440a-8eaf-cb9b1bfd39a9,1.0
efe84ef3-8c96-4ab1-b7ef-e1b7e6f4e82a,0.0
925b966a-875f-4b53-98cf-c5877ff7ca78,0.0
2dc8bbbf-4bc9-4bf0-abb0-48a90829a333,0.0
6cb75f3d-7e59-4756-8964-124d3f379377,0.0
0665ad95-f4df-4a7b-aafb-e6a631f0b017,1.0
c32ec996-d528-442e-aaf1-ebd85c18fdf2,0.0
81135bf5-ab6f-400c-8909-a44ef3a18ffd,0.0
1a84ad75-8080-43cd-a519-924fe8580880,0.0
1ce767c6-6dad-440c-86b0-16561406a193,1.0
d7fa64c9-90d2-4ca6-8080-f5aa0ab024d0,0.0
00ca68e1-9071-4f12-aa36-673cc7f1af2c,1.0
268f89fa-5ca1-427f-bb03-0c0dffbd45b7,0.0
bede6a66-3bd2-45b9-a22e-b2d2611d47a9,0.0
5dc9c71b-9357-4805-88ab-c76697d15cf6,1.0
aac28b59-2981-4034-978f-e31d5c574a33,1.0
d4c02f70-b9d2-4ac3-8bf5-c24ea01c2627,1.0
ea58a4e6-4924-4667-b7fc-b01127655d27,1.0
6f432479-60cb-455f-bb91-4dff9e096563,0.0
d07c1996-4a6d-4b9e-a0e2-44b36077647f,0.0
6a366c39-5728-414e-8eae-371f0d9606e9,1.0
c2dd8f0d-bd00-4644-9180-289a465fd41e,1.0
103f3315-a11c-4c83-9840-979b0be687c4,1.0
bfc3b033-f284-4b98-82f4-79b6a355f4e8,1.0
614ab8c0-2ad2-4499-891a-f52738c0210f,0.0
75010110-fb00-44c0-8377-57800ee2f4b6,1.0
fc10eeca-cde5-4c2b-9615-66c7503653dc,1.0
ce686233-547e-452e-ad4b-2262eccfbdaf,1.0
702add70-06b9-4c3f-b41e-3499872b1952,0.0
0ac90251-8598-4adb-b066-c7607f7364f3,0.0
2b507db2-a15e-4788-ae8e-1782c0b0e7de,1.0
6a87eb7a-a4b7-4802-9152-e91210dfed26,0.0
f1a35f83-647a-4c54-ba79-b732cc57d9b4,1.0
71bf8ef9-5783-4d9c-855a-0a5d5f0b342f,0.0
a8927343-e40e-4e71-a7f4-db3b114d8080,1.0
8230c59e-3384-490f-8116-d41d547177ba,1.0
a69785b8-2010-4df5-93e2-e42d91d54323,0.0
afaadad8-7bef-4fa8-b34b-a4bcc0c5bc14,1.0
ac66805f-010c-456c-a6c4-d67f668efe7c,1.0
774a3763-ec26-40a9-b177-6aefdd6e903c,0.0
f1e1eb93-967c-4231-a51b-25f2edd19a97,1.0
410ebca2-6265-4cc2-88d2-38368d07b5c2,0.0
3784ba79-7c0e-424d-81bb-afb6bc818989,1.0
a457ad77-459a-46c7-9972-d2731745295d,1.0
dbc61bd9-1a8d-4b6d-b2e8-13f481645aa0,1.0
1692895c-8ab4-4f52-bd27-b03f44a3cb85,1.0
6611cc07-058d-43b2-b098-9df625cd2386,0.0
077d7383-812f-4b88-82c5-2c2b42c429cd,0.0
ef833c42-4685-4c22-8112-5fc3406564f9,0.0
0f8b735a-96c8-41aa-b66b-e97706d4ee31,0.0
8ff910f1-d63e-484c-9793-caf44bd414dc,1.0
096dcd51-185e-4c38-b6d2-2804de2af2da,0.0
28f71b89-d8ab-4e95-9d11-4b05587ecef9,1.0
d8f3c695-4aa6-497d-bd8f-aa5c1669ebbe,0.0
8c141e89-7fe6-45f6-9ee2-5a83ed74e9c7,1.0
a8aa826b-29dc-48d7-8224-f051df6bd800,1.0
cfe3d91e-c082-47a2-8100-bad47dbe58b0,0.0
399653cd-5a6f-4cb4-b7a7-260139554abd,0.0
bcdb6e3a-bf58-4202-b0ba-d58a6595fda2,1.0
901617a4-168d-40ca-a7c9-27a8531a0140,1.0
09bd8ca9-ecf5-4912-aa91-e1dd872c8ad6,0.0
568fa289-717a-4092-b79f-b7a2a72e1383,0.0
ecf2586c-f7c9-4f06-8e08-7ca4fc61054d,1.0
07314bfe-8716-4ae0-97fb-c0a8b1b2940c,1.0
20676be4-438a-41af-a922-0dd157959a5e,0.0
73c291e7-3958-40a5-a369-3a32c256fa84,0.0
60ee57e6-45be-40b7-a47b-b29a6130cd85,1.0
a90b0784-5658-4b5b-96c2-7ea16ed8957a,1.0
ccead614-6af9-46bd-b53b-e9d1f1b1a373,1.0
921aa456-e947-4b4d-9548-b40875538b4f,0.0
6e4c04ab-cd43-45ea-8a17-eabc8788d4ca,0.0
c3b7ef3c-23d8-46e9-91ef-0ea79324d848,0.0
7fa1487a-4361-42ad-abc0-4120caa594b9,0.0
3212022d-f966-4710-a258-985c354748ba,0.0
ae0eb8ff-317c-4a23-a569-c854b042357d,0.0
edd16140-49a2-48d2-bb42-745918cf8807,1.0
d5b8e31f-1431-4b72-b042-153e4e1f536e,1.0
b625e246-91a7-45f6-9670-62b8d8f558e9,0.0
bceb8c9d-f583-494b-993e-62839fe80331,1.0
4b2763b7-f785-4df2-ab24-594246540cd1,0.0
75437f8f-fbbf-4f3c-a935-13aa0dbf4a61,0.0
f8750802-c8ef-41a9-88b1-74523a9bf154,1.0
85e525cb-6216-4ab3-aa05-dfcda84ec730,0.0
9f7c6ab5-7da1-46f0-a428-7ac40832593b,0.0
cd0ef165-ba6c-44bf-a0e7-ca43b36be893,1.0
e83ae17a-a15b-4dfd-bb2e-15b33331e50f,1.0
3f27135d-557a-4130-b943-83e9a7f2a050,1.0
65754e8a-6e83-43f9-8f5c-b573a241debe,1.0
8c44e316-e335-4e18-bcb9-fcf52dee9c63,0.0
cf4fc5b5-645a-4d64-83c3-fe25f0692768,1.0
1b64b653-6c96-4914-93b9-b707de8f5cb9,0.0
2ddf5f05-8098-48da-ad20-657d6b4bb52d,1.0
a34dc145-6814-441e-897c-5babcba1ab95,1.0
bdc3306d-2004-4ea0-8d9f-1b9fe48c825a,0.0
787667f5-3528-4c39-a17a-afd59257ceca,0.0
ce988bb7-1d00-483b-800b-6a8900ba50e0,0.0
ed7faf84-4a2f-4be3-8c3a-7cf17e205f10,1.0
e04f2b85-7b97-4041-8dd8-2a5211337637,1.0
a2505f78-d5d6-4f33-bb1a-492cd9fe875f,1.0
